<?xml version="1.0" encoding="UTF-8"?><idempiere Name="AD_Message" Version="1.0.0" idempiereVersion="7.1.0.qualifier" DataBaseVersion="2019-11-22" Description="" Author="SuperUser" AuthorEmail="test@idempeieieire.com" CreatedDate="Wed Oct 07 19:20:49 IST 2020" UpdatedDate="Wed Oct 07 19:20:49 IST 2020" PackOutVersion="100" UpdateDictionary="true" Client="0-SYSTEM-System" AD_Client_UU="11237b53-9592-4af1-b3c5-afd216514b5d">
    <AD_Message type="table">
        <AD_Client_ID>0</AD_Client_ID>
        <AD_Org_ID>0</AD_Org_ID>
        <MsgType>I</MsgType>
        <MsgText>Document Explorer</MsgText>
        <MsgTip/>
        <IsActive>Y</IsActive>
        <Value>org.idempiere.dms.toolbar.CustomToolbarFactory.label</Value>
        <EntityType>U</EntityType>
        <AD_Message_UU>2184f5cf-b88a-45d6-ac11-1cbf4cf443fb</AD_Message_UU>
    </AD_Message>
</idempiere>
