<?xml version="1.0" encoding="UTF-8"?><idempiere Name="AD_SysConfig" Version="1.0.0" idempiereVersion="7.1.0.qualifier" DataBaseVersion="2019-11-22" Description="" Author="SuperUser" AuthorEmail="superuser @ idempiere.com" CreatedDate="Wed Apr 03 18:39:27 IST 2024" UpdatedDate="Wed Apr 03 18:39:27 IST 2024" PackOutVersion="100" UpdateDictionary="true" Client="0-SYSTEM-System" AD_Client_UU="11237b53-9592-4af1-b3c5-afd216514b5d">
    <AD_SysConfig type="table">
        <AD_Client_ID>0</AD_Client_ID>
        <AD_Org_ID>0</AD_Org_ID>
        <IsActive>Y</IsActive>
        <Name>DMS_ALLOW_AUTO_CREATE_INDEX</Name>
        <Value>Y</Value>
        <Description>User can set Y/N to allow the index to be created automatically, If it is N, the index will not be created automatically, User needs to run the Reset Indexing process to create the index. </Description>
        <EntityType>DMS</EntityType>
        <ConfigurationLevel>C</ConfigurationLevel>
        <AD_SysConfig_UU>7bb8ef4f-2d6a-4b47-8059-ddb248d294ee</AD_SysConfig_UU>
    </AD_SysConfig>
</idempiere>
