<?xml version="1.0" encoding="UTF-8"?><idempiere Name="DMSBulkUploadMsg" Version="1.0.0" idempiereVersion="" DataBaseVersion="" Description="" Author="" AuthorEmail="" CreatedDate="2024-02-26 16:57:58.811" UpdatedDate="2024-02-26 16:58:32.65" PackOutVersion="100" UpdateDictionary="false" Client="0-SYSTEM-System" AD_Client_UU="11237b53-9592-4af1-b3c5-afd216514b5d">
    <AD_Message type="table">
        <AD_Client_ID>0</AD_Client_ID>
        <AD_Org_ID>0</AD_Org_ID>
        <MsgType>I</MsgType>
        <MsgText>When a PDF file is uploaded, the system will automatically retrieve the document creation date from the file metadata. This data will then be used to update the created date in the DMS content, DMS Association, and DMS Version tables.</MsgText>
        <MsgTip/>
        <IsActive>Y</IsActive>
        <Value>DMSBulkUploadMsg</Value>
        <EntityType>DMS</EntityType>
        <AD_Message_UU>9431ac34-4a54-4cce-91cd-d68c3c61c33d</AD_Message_UU>
        <AD_Message_Trl type="translation">
            <MsgText>When a PDF file is uploaded, the system will automatically retrieve the document creation date from the file metadata. This data will then be used to update the created date in the DMS content, DMS Association, and DMS Version tables.</MsgText>
            <MsgTip/>
            <AD_Language>es_CO</AD_Language>
            <IsActive>Y</IsActive>
            <IsTranslated>N</IsTranslated>
        </AD_Message_Trl>
    </AD_Message>
</idempiere>
