<?xml version="1.0" encoding="UTF-8"?><idempiere Name="MimeType" Version="1.0.0" idempiereVersion="" DataBaseVersion="" Description="" Author="" AuthorEmail="" CreatedDate="2016-03-11 12:18:02.858" UpdatedDate="2016-03-11 12:18:02.858" PackOutVersion="100" UpdateDictionary="true" Client="0-SYSTEM-System" AD_Client_UU="11237b53-9592-4af1-b3c5-afd216514b5d">
   
    <AD_Image type="table">
        <AD_Client_ID>0</AD_Client_ID>
        <AD_Org_ID>0</AD_Org_ID>
        <IsActive>Y</IsActive>
        <Name>Directory</Name>
        <BinaryData>1.dat|byte[]</BinaryData>
        <ImageURL/>
        <Description/>
        <EntityType>DMS</EntityType>
        <AD_Image_UU>818bfadf-179b-47cb-833a-87a51969a6d4</AD_Image_UU>
    </AD_Image>
    <AD_Image type="table">
        <AD_Client_ID>0</AD_Client_ID>
        <AD_Org_ID>0</AD_Org_ID>
        <IsActive>Y</IsActive>
        <Name>Download</Name>
        <BinaryData>2.dat|byte[]</BinaryData>
        <ImageURL/>
        <Description/>
        <EntityType>DMS</EntityType>
        <AD_Image_UU>3e704426-85ed-4edc-bb59-f0c7e3249d6d</AD_Image_UU>
    </AD_Image>
    <AD_Image type="table">
        <AD_Client_ID>0</AD_Client_ID>
        <AD_Org_ID>0</AD_Org_ID>
        <IsActive>Y</IsActive>
        <Name>pdf.png</Name>
        <BinaryData>3.dat|byte[]</BinaryData>
        <ImageURL>pdf.png</ImageURL>
        <Description/>
        <EntityType>U</EntityType>
        <AD_Image_UU>c50b1b3b-e519-4d5d-a60c-eac5bcdcfe5f</AD_Image_UU>
    </AD_Image>
    <AD_Image type="table">
        <AD_Client_ID>0</AD_Client_ID>
        <AD_Org_ID>0</AD_Org_ID>
        <IsActive>Y</IsActive>
        <Name>MS-Word.png</Name>
        <BinaryData>4.dat|byte[]</BinaryData>
        <ImageURL>MS-Word.png</ImageURL>
        <Description/>
        <EntityType>U</EntityType>
        <AD_Image_UU>9f275da1-5244-4ae1-a621-7d351e9034e0</AD_Image_UU>
    </AD_Image>
    <AD_Image type="table">
        <AD_Client_ID>0</AD_Client_ID>
        <AD_Org_ID>0</AD_Org_ID>
        <IsActive>Y</IsActive>
        <Name>pptx.png</Name>
        <BinaryData>5.dat|byte[]</BinaryData>
        <ImageURL>pptx.png</ImageURL>
        <Description/>
        <EntityType>U</EntityType>
        <AD_Image_UU>b2b76b9a-b395-4738-a461-4d908742ad8c</AD_Image_UU>
    </AD_Image>
    <AD_Image type="table">
        <AD_Client_ID>0</AD_Client_ID>
        <AD_Org_ID>0</AD_Org_ID>
        <IsActive>Y</IsActive>
        <Name>csv.jpeg</Name>
        <BinaryData>6.dat|byte[]</BinaryData>
        <ImageURL>csv.jpeg</ImageURL>
        <Description/>
        <EntityType>U</EntityType>
        <AD_Image_UU>bbd6d2b0-88fc-4e23-ba7a-e041c5e81d3b</AD_Image_UU>
    </AD_Image>
    <AD_Image type="table">
        <AD_Client_ID>0</AD_Client_ID>
        <AD_Org_ID>0</AD_Org_ID>
        <IsActive>Y</IsActive>
        <Name>excel.png</Name>
        <BinaryData>7.dat|byte[]</BinaryData>
        <ImageURL>excel.png</ImageURL>
        <Description/>
        <EntityType>U</EntityType>
        <AD_Image_UU>d99ff379-868c-4798-b7bb-b439a3dc0317</AD_Image_UU>
    </AD_Image>
    <AD_Image type="table">
        <AD_Client_ID>0</AD_Client_ID>
        <AD_Org_ID>0</AD_Org_ID>
        <IsActive>Y</IsActive>
        <Name>default.png</Name>
        <BinaryData>8.dat|byte[]</BinaryData>
        <ImageURL>default.png</ImageURL>
        <Description/>
        <EntityType>U</EntityType>
        <AD_Image_UU>6b4e7dc5-00bb-4f08-ab49-719634f7bf3d</AD_Image_UU>
    </AD_Image>
    <AD_Image type="table">
        <AD_Client_ID>0</AD_Client_ID>
        <AD_Org_ID>0</AD_Org_ID>
        <IsActive>Y</IsActive>
        <Name>default.png</Name>
        <BinaryData>9.dat|byte[]</BinaryData>
        <ImageURL>default.png</ImageURL>
        <Description/>
        <EntityType>U</EntityType>
        <AD_Image_UU>09744c33-efb8-4ab6-889e-2e2787d27757</AD_Image_UU>
    </AD_Image>
    <AD_Image type="table">
        <AD_Client_ID>0</AD_Client_ID>
        <AD_Org_ID>0</AD_Org_ID>
        <IsActive>Y</IsActive>
        <Name>bmp.jpg</Name>
        <BinaryData>10.dat|byte[]</BinaryData>
        <ImageURL>bmp.jpg</ImageURL>
        <Description/>
        <EntityType>U</EntityType>
        <AD_Image_UU>66ff65cd-430b-4211-a6e2-3299ad6e7bbb</AD_Image_UU>
    </AD_Image>
    <AD_Image type="table">
        <AD_Client_ID>0</AD_Client_ID>
        <AD_Org_ID>0</AD_Org_ID>
        <IsActive>Y</IsActive>
        <Name>ico.jpg</Name>
        <BinaryData>11.dat|byte[]</BinaryData>
        <ImageURL>ico.jpg</ImageURL>
        <Description/>
        <EntityType>U</EntityType>
        <AD_Image_UU>a31ae45a-17be-418f-b927-a771c4b7ed33</AD_Image_UU>
    </AD_Image>
    <AD_Image type="table">
        <AD_Client_ID>0</AD_Client_ID>
        <AD_Org_ID>0</AD_Org_ID>
        <IsActive>Y</IsActive>
        <Name>japeg.jpg</Name>
        <BinaryData>12.dat|byte[]</BinaryData>
        <ImageURL>japeg.jpg</ImageURL>
        <Description/>
        <EntityType>U</EntityType>
        <AD_Image_UU>fefadb64-73f6-45af-b914-310dc9105bf7</AD_Image_UU>
    </AD_Image>
    <AD_Image type="table">
        <AD_Client_ID>0</AD_Client_ID>
        <AD_Org_ID>0</AD_Org_ID>
        <IsActive>Y</IsActive>
        <Name>png.jpg</Name>
        <BinaryData>13.dat|byte[]</BinaryData>
        <ImageURL>png.jpg</ImageURL>
        <Description/>
        <EntityType>U</EntityType>
        <AD_Image_UU>a584dcd0-00da-4f0d-b3b1-4691489dee07</AD_Image_UU>
    </AD_Image>
    <AD_Image type="table">
        <AD_Client_ID>0</AD_Client_ID>
        <AD_Org_ID>0</AD_Org_ID>
        <IsActive>Y</IsActive>
        <Name>zip.jpg</Name>
        <BinaryData>14.dat|byte[]</BinaryData>
        <ImageURL>zip.jpg</ImageURL>
        <Description/>
        <EntityType>U</EntityType>
        <AD_Image_UU>f43c0dd0-5d66-4887-aed2-897b706131d9</AD_Image_UU>
    </AD_Image>
    <AD_Image type="table">
        <AD_Client_ID>0</AD_Client_ID>
        <AD_Org_ID>0</AD_Org_ID>
        <IsActive>Y</IsActive>
        <Name>rar.jpg</Name>
        <BinaryData>15.dat|byte[]</BinaryData>
        <ImageURL>rar.jpg</ImageURL>
        <Description/>
        <EntityType>U</EntityType>
        <AD_Image_UU>93f9e772-799e-4a6a-bbc0-28fe01b35606</AD_Image_UU>
    </AD_Image>
    <DMS_MimeType type="table">
        <AD_Client_ID>0</AD_Client_ID>
        <AD_Org_ID>0</AD_Org_ID>
        <IsActive>Y</IsActive>
        <Value>Adobe Portable Document Format</Value>
        <Name>Adobe Portable Document Format</Name>
        <Description/>
        <IsDefault>N</IsDefault>
        <Icon_ID>1000002</Icon_ID>
        <FileExtension>.pdf</FileExtension>
        <MimeType>application/pdf</MimeType>
        <Icon300_ID/>
        <Icon500_ID/>
        <DMS_MimeType_UU>123c2bba-5a1f-45c0-a545-6c80173e3131</DMS_MimeType_UU>
    </DMS_MimeType>
    <DMS_MimeType type="table">
        <AD_Client_ID>0</AD_Client_ID>
        <AD_Org_ID>0</AD_Org_ID>
        <IsActive>Y</IsActive>
        <Value>Microsoft Office - OOXML - Word Document</Value>
        <Name>Microsoft Office - OOXML - Word Document</Name>
        <Description/>
        <IsDefault>N</IsDefault>
        <Icon_ID>1000003</Icon_ID>
        <FileExtension>.docx</FileExtension>
        <MimeType>application/vnd.openxmlformats-officedocument.wordprocessingml.document</MimeType>
        <Icon300_ID/>
        <Icon500_ID/>
        <DMS_MimeType_UU>8f8ff718-c506-4adf-b372-34ac177b9e20</DMS_MimeType_UU>
    </DMS_MimeType>
    <DMS_MimeType type="table">
        <AD_Client_ID>0</AD_Client_ID>
        <AD_Org_ID>0</AD_Org_ID>
        <IsActive>Y</IsActive>
        <Value>Microsoft Office - OOXML - Presentation</Value>
        <Name>Microsoft Office - OOXML - Presentation</Name>
        <Description/>
        <IsDefault>N</IsDefault>
        <Icon_ID>1000004</Icon_ID>
        <FileExtension>.pptx</FileExtension>
        <MimeType>application/vnd.openxmlformats-officedocument.presentationml.presentation</MimeType>
        <Icon300_ID/>
        <Icon500_ID/>
        <DMS_MimeType_UU>713f746a-8776-43fd-9f98-55a85b7a600b</DMS_MimeType_UU>
    </DMS_MimeType>
    <DMS_MimeType type="table">
        <AD_Client_ID>0</AD_Client_ID>
        <AD_Org_ID>0</AD_Org_ID>
        <IsActive>Y</IsActive>
        <Value>Comma-Seperated Values</Value>
        <Name>Comma-Seperated Values</Name>
        <Description/>
        <IsDefault>N</IsDefault>
        <Icon_ID>1000005</Icon_ID>
        <FileExtension>.csv</FileExtension>
        <MimeType>text/csv</MimeType>
        <Icon300_ID/>
        <Icon500_ID/>
        <DMS_MimeType_UU>da8ccf8d-a8f1-4adf-a356-7a465126450b</DMS_MimeType_UU>
    </DMS_MimeType>
    <DMS_MimeType type="table">
        <AD_Client_ID>0</AD_Client_ID>
        <AD_Org_ID>0</AD_Org_ID>
        <IsActive>Y</IsActive>
        <Value>Microsoft Excel</Value>
        <Name>Microsoft Excel</Name>
        <Description/>
        <IsDefault>N</IsDefault>
        <Icon_ID>1000006</Icon_ID>
        <FileExtension>.xls</FileExtension>
        <MimeType>application/vnd.ms-excel</MimeType>
        <Icon300_ID/>
        <Icon500_ID/>
        <DMS_MimeType_UU>ba381cc0-0684-4a5b-a2ae-a41bb569fda6</DMS_MimeType_UU>
    </DMS_MimeType>
    <DMS_MimeType type="table">
        <AD_Client_ID>0</AD_Client_ID>
        <AD_Org_ID>0</AD_Org_ID>
        <IsActive>Y</IsActive>
        <Value>Default</Value>
        <Name>Default</Name>
        <Description/>
        <IsDefault>N</IsDefault>
        <Icon_ID>1000008</Icon_ID>
        <FileExtension>.def</FileExtension>
        <MimeType>Default</MimeType>
        <Icon300_ID/>
        <Icon500_ID/>
        <DMS_MimeType_UU>4ba24150-9b7a-480f-b3e6-c55863a3fce6</DMS_MimeType_UU>
    </DMS_MimeType>
    <DMS_MimeType type="table">
        <AD_Client_ID>0</AD_Client_ID>
        <AD_Org_ID>0</AD_Org_ID>
        <IsActive>Y</IsActive>
        <Value>Bitmap Image File</Value>
        <Name>Bitmap Image File</Name>
        <Description/>
        <IsDefault>N</IsDefault>
        <Icon_ID>1000009</Icon_ID>
        <FileExtension>.bmp</FileExtension>
        <MimeType>image/bmp</MimeType>
        <Icon300_ID/>
        <Icon500_ID/>
        <DMS_MimeType_UU>7b6ef8ab-3f50-4ac6-b21d-45aeb3058d95</DMS_MimeType_UU>
    </DMS_MimeType>
    <DMS_MimeType type="table">
        <AD_Client_ID>0</AD_Client_ID>
        <AD_Org_ID>0</AD_Org_ID>
        <IsActive>Y</IsActive>
        <Value>Icon</Value>
        <Name>Icon</Name>
        <Description/>
        <IsDefault>N</IsDefault>
        <Icon_ID>1000010</Icon_ID>
        <FileExtension>.ico</FileExtension>
        <MimeType>image/x-icon</MimeType>
        <Icon300_ID/>
        <Icon500_ID/>
        <DMS_MimeType_UU>18218043-33ac-4b61-b7ed-4c8f6faa1990</DMS_MimeType_UU>
    </DMS_MimeType>
    <DMS_MimeType type="table">
        <AD_Client_ID>0</AD_Client_ID>
        <AD_Org_ID>0</AD_Org_ID>
        <IsActive>Y</IsActive>
        <Value>JPEG Image</Value>
        <Name>JPEG Image</Name>
        <Description/>
        <IsDefault>N</IsDefault>
        <Icon_ID>1000011</Icon_ID>
        <FileExtension>.jpg</FileExtension>
        <MimeType>image/jpeg</MimeType>
        <Icon300_ID/>
        <Icon500_ID/>
        <DMS_MimeType_UU>d0d5414a-20be-4c76-8106-184183476cb7</DMS_MimeType_UU>
    </DMS_MimeType>
    <DMS_MimeType type="table">
        <AD_Client_ID>0</AD_Client_ID>
        <AD_Org_ID>0</AD_Org_ID>
        <IsActive>Y</IsActive>
        <Value>Portable Network Graphics (PNG)</Value>
        <Name>Portable Network Graphics (PNG)</Name>
        <Description/>
        <IsDefault>N</IsDefault>
        <Icon_ID>1000012</Icon_ID>
        <FileExtension>.png</FileExtension>
        <MimeType>image/png</MimeType>
        <Icon300_ID/>
        <Icon500_ID/>
        <DMS_MimeType_UU>60251c4c-d9a7-4e75-b03a-9c1fdaeb3934</DMS_MimeType_UU>
    </DMS_MimeType>
    <DMS_MimeType type="table">
        <AD_Client_ID>0</AD_Client_ID>
        <AD_Org_ID>0</AD_Org_ID>
        <IsActive>Y</IsActive>
        <Value>Zip Archive</Value>
        <Name>Zip Archive</Name>
        <Description/>
        <IsDefault>N</IsDefault>
        <Icon_ID>1000013</Icon_ID>
        <FileExtension>.zip</FileExtension>
        <MimeType>application/zip</MimeType>
        <Icon300_ID/>
        <Icon500_ID/>
        <DMS_MimeType_UU>e70fc2ab-53c6-453f-b03a-349e91ee9b07</DMS_MimeType_UU>
    </DMS_MimeType>
    <DMS_MimeType type="table">
        <AD_Client_ID>0</AD_Client_ID>
        <AD_Org_ID>0</AD_Org_ID>
        <IsActive>Y</IsActive>
        <Value>RAR Archive</Value>
        <Name>RAR Archive</Name>
        <Description/>
        <IsDefault>N</IsDefault>
        <Icon_ID>1000014</Icon_ID>
        <FileExtension>.rar</FileExtension>
        <MimeType>application/x-rar-compressed</MimeType>
        <Icon300_ID/>
        <Icon500_ID/>
        <DMS_MimeType_UU>f74d9e48-1769-4abb-a0f8-599c9a56aba1</DMS_MimeType_UU>
    </DMS_MimeType>
</idempiere>
