<?xml version="1.0" encoding="UTF-8"?><idempiere Name="AD_Ref_List" Version="1.0.0" idempiereVersion="7.1.0.qualifier" DataBaseVersion="2019-11-22" Description="" Author="SuperUser" AuthorEmail="superuser @ idempiere.com" CreatedDate="Wed Jul 27 11:53:26 IST 2022" UpdatedDate="Wed Jul 27 11:53:26 IST 2022" PackOutVersion="100" UpdateDictionary="true" Client="0-SYSTEM-System" AD_Client_UU="11237b53-9592-4af1-b3c5-afd216514b5d">
    <AD_Ref_List type="table">
        <AD_Client_ID>0</AD_Client_ID>
        <AD_Org_ID>0</AD_Org_ID>
        <Name>DMSUU</Name>
        <Description/>
        <AD_Reference_ID reference="id">200019</AD_Reference_ID>
        <ValidFrom/>
        <ValidTo/>
        <Value>DMSUU</Value>
        <IsActive>Y</IsActive>
        <EntityType>U</EntityType>
        <AD_Ref_List_UU>b922d3d6-74b2-4116-ad21-92055906e458</AD_Ref_List_UU>
        <AD_Ref_List_Trl type="translation">
            <Description/>
            <Name>DMSUU</Name>
            <AD_Language>es_CO</AD_Language>
            <IsActive>Y</IsActive>
            <IsTranslated>N</IsTranslated>
        </AD_Ref_List_Trl>
    </AD_Ref_List>
</idempiere>
