<?xml version="1.0" encoding="UTF-8"?><idempiere Name="DMSToolbarButtonPressLogic" Version="1.0.0" idempiereVersion="" DataBaseVersion="" Description="" Author="" AuthorEmail="" CreatedDate="2021-09-24 10:34:12.574" UpdatedDate="2021-09-24 10:34:12.574" PackOutVersion="100" UpdateDictionary="true" Client="0-SYSTEM-System" AD_Client_UU="11237b53-9592-4af1-b3c5-afd216514b5d">
    <AD_ToolBarButton type="table">
        <AD_Client_ID>0</AD_Client_ID>
        <AD_Org_ID>0</AD_Org_ID>
        <ComponentName>Document Explorer</ComponentName>
        <IsActive>Y</IsActive>
        <Name>Document Explorer</Name>
        <IsCustomization>Y</IsCustomization>
        <ActionClassName>org.idempiere.dms.toolbar.CustomToolbarFactory</ActionClassName>
        <ActionName/>
        <KeyStroke_KeyCode>0</KeyStroke_KeyCode>
        <KeyStroke_Modifiers>0</KeyStroke_Modifiers>
        <AD_ToolBarButton_UU>64b27c55-d974-4ef3-ba67-8fefddc39fa8</AD_ToolBarButton_UU>
        <Action>W</Action>
        <AD_Tab_ID reference="id"/>
        <AD_Process_ID reference="id"/>
        <DisplayLogic/>
        <SeqNo>280</SeqNo>
        <IsAdvancedButton>N</IsAdvancedButton>
        <IsAddSeparator>N</IsAddSeparator>
        <ReadOnlyLogic/>
        <PressedLogic>@SQL=SELECT CASE WHEN ((SELECT Count(DMS_Association_ID) FROM DMS_Association WHERE AD_Table_ID = @_TabInfo_AD_Table_ID@ AND Record_ID =@_TabInfo_Record_ID@ AND DMS_AssociationType_ID IS NOT NULL AND IsActive = 'Y' ) &gt; 0 ) THEN 1 ELSE 0 END AS Result FROM  dual</PressedLogic>
    </AD_ToolBarButton>
</idempiere>
