<?xml version="1.0" encoding="UTF-8"?><idempiere Name="add logo on mimetype" Version="1.0.1" idempiereVersion="" DataBaseVersion="" Description="" Author="" AuthorEmail="" CreatedDate="2016-01-21 14:18:36.143" UpdatedDate="2016-01-21 14:19:00.832" PackOutVersion="100" UpdateDictionary="true" Client="0-SYSTEM-System" AD_Client_UU="11237b53-9592-4af1-b3c5-afd216514b5d">
    <AD_Menu type="table">
        <SeqNo>999</SeqNo>
        <AD_Client_ID>0</AD_Client_ID>
        <AD_Org_ID>0</AD_Org_ID>
        <Name>DMS MimeType</Name>
        <Description/>
        <Action>W</Action>
        <AD_Window_ID reference="uuid" reference-key="AD_Window">ccce3737-ef1b-4d9f-848c-32ce24077c87</AD_Window_ID>
        <AD_Workflow_ID reference="id"/>
        <AD_Task_ID reference="id"/>
        <IsActive>Y</IsActive>
        <IsSummary>N</IsSummary>
        <AD_Process_ID reference="id"/>
        <IsSOTrx>N</IsSOTrx>
        <AD_Form_ID reference="id"/>
        <IsReadOnly>N</IsReadOnly>
        <EntityType>DMS</EntityType>
        <IsCentrallyMaintained>Y</IsCentrallyMaintained>
        <AD_Menu_UU>be0066ad-6583-4aa7-acd8-9d970e713fcc</AD_Menu_UU>
        <AD_InfoWindow_ID reference="id"/>
        <AD_Menu_Trl type="translation">
            <Name>DMS MimeType</Name>
            <Description/>
            <AD_Language>es_CO</AD_Language>
            <IsActive>Y</IsActive>
            <IsTranslated>N</IsTranslated>
        </AD_Menu_Trl>
        <AD_Window type="table">
            <AD_Client_ID>0</AD_Client_ID>
            <AD_Org_ID>0</AD_Org_ID>
            <Name>DMS MimeType</Name>
            <Description/>
            <Help/>
            <IsActive>Y</IsActive>
            <WindowType>M</WindowType>
            <Processing>N</Processing>
            <AD_Color_ID reference="id"/>
            <AD_Image_ID reference="id"/>
            <EntityType>DMS</EntityType>
            <IsSOTrx>Y</IsSOTrx>
            <IsDefault>N</IsDefault>
            <WinHeight>0</WinHeight>
            <WinWidth>0</WinWidth>
            <IsBetaFunctionality>N</IsBetaFunctionality>
            <AD_Window_UU>ccce3737-ef1b-4d9f-848c-32ce24077c87</AD_Window_UU>
            <TitleLogic/>
            <AD_Window_Trl type="translation">
                <Help/>
                <Name>DMS MimeType</Name>
                <Description/>
                <AD_Language>es_CO</AD_Language>
                <IsActive>Y</IsActive>
                <IsTranslated>N</IsTranslated>
            </AD_Window_Trl>
            <AD_Element type="table">
                <AD_Client_ID>0</AD_Client_ID>
                <AD_Org_ID>0</AD_Org_ID>
                <IsActive>Y</IsActive>
                <ColumnName>Icon300_ID</ColumnName>
                <Name>Icon 300px</Name>
                <Description/>
                <Help/>
                <PrintName>Icon 300px</PrintName>
                <PO_Description/>
                <PO_Help/>
                <PO_Name/>
                <PO_PrintName/>
                <EntityType>DMS</EntityType>
                <AD_Element_UU>9b5594c7-73f6-407c-80e5-365a51de8f8c</AD_Element_UU>
                <AD_Element_Trl type="translation">
                    <Help/>
                    <PO_Description/>
                    <PO_Help/>
                    <Name>Icon 300px</Name>
                    <Description/>
                    <PrintName>Icon 300px</PrintName>
                    <PO_Name/>
                    <PO_PrintName/>
                    <AD_Language>es_CO</AD_Language>
                    <IsActive>Y</IsActive>
                    <IsTranslated>N</IsTranslated>
                </AD_Element_Trl>
            </AD_Element>
            <AD_Column type="table">
                <IsSyncDatabase>Y</IsSyncDatabase>
                <AD_Table_ID reference="uuid" reference-key="AD_Table">3f9811f5-2512-4da1-aec1-466073f9b24f</AD_Table_ID>
                <AD_Reference_Value_ID reference="id"/>
                <AD_Client_ID>0</AD_Client_ID>
                <AD_Org_ID>0</AD_Org_ID>
                <Version>0</Version>
                <Name>Icon 300px</Name>
                <Description/>
                <Help/>
                <AD_Val_Rule_ID reference="id"/>
                <ColumnName>Icon300_ID</ColumnName>
                <DefaultValue/>
                <FieldLength>10</FieldLength>
                <IsKey>N</IsKey>
                <IsParent>N</IsParent>
                <IsMandatory>N</IsMandatory>
                <IsTranslated>N</IsTranslated>
                <IsIdentifier>N</IsIdentifier>
                <SeqNo>0</SeqNo>
                <IsEncrypted>N</IsEncrypted>
                <AD_Reference_ID reference="id">32</AD_Reference_ID>
                <IsActive>Y</IsActive>
                <VFormat/>
                <Callout/>
                <AD_Element_ID reference="uuid" reference-key="AD_Element">9b5594c7-73f6-407c-80e5-365a51de8f8c</AD_Element_ID>
                <IsUpdateable>Y</IsUpdateable>
                <AD_Process_ID reference="id"/>
                <ValueMin/>
                <ValueMax/>
                <IsSelectionColumn>N</IsSelectionColumn>
                <ReadOnlyLogic/>
                <EntityType>DMS</EntityType>
                <IsAlwaysUpdateable>Y</IsAlwaysUpdateable>
                <ColumnSQL/>
                <MandatoryLogic/>
                <IsAutocomplete>N</IsAutocomplete>
                <IsAllowLogging>Y</IsAllowLogging>
                <FormatPattern/>
                <AD_Chart_ID reference="id"/>
                <AD_Column_UU>cb3322e9-13ec-4472-8596-3249cbe479f5</AD_Column_UU>
                <IsAllowCopy>Y</IsAllowCopy>
                <SeqNoSelection>0</SeqNoSelection>
                <IsToolbarButton>N</IsToolbarButton>
                <IsSecure>N</IsSecure>
                <FKConstraintName>Icon300_DMSMimeType</FKConstraintName>
                <FKConstraintType>S</FKConstraintType>
            </AD_Column>
            <AD_Element type="table">
                <AD_Client_ID>0</AD_Client_ID>
                <AD_Org_ID>0</AD_Org_ID>
                <IsActive>Y</IsActive>
                <ColumnName>Icon500_ID</ColumnName>
                <Name>Icon 500px</Name>
                <Description/>
                <Help/>
                <PrintName>Icon 500px</PrintName>
                <PO_Description/>
                <PO_Help/>
                <PO_Name/>
                <PO_PrintName/>
                <EntityType>DMS</EntityType>
                <AD_Element_UU>465387d9-0201-477d-a0eb-27eeb093e1d0</AD_Element_UU>
                <AD_Element_Trl type="translation">
                    <Help/>
                    <PO_Description/>
                    <PO_Help/>
                    <Name>Icon 500px</Name>
                    <Description/>
                    <PrintName>Icon 500px</PrintName>
                    <PO_Name/>
                    <PO_PrintName/>
                    <AD_Language>es_CO</AD_Language>
                    <IsActive>Y</IsActive>
                    <IsTranslated>N</IsTranslated>
                </AD_Element_Trl>
            </AD_Element>
            <AD_Column type="table">
                <IsSyncDatabase>Y</IsSyncDatabase>
                <AD_Table_ID reference="uuid" reference-key="AD_Table">3f9811f5-2512-4da1-aec1-466073f9b24f</AD_Table_ID>
                <AD_Reference_Value_ID reference="id"/>
                <AD_Client_ID>0</AD_Client_ID>
                <AD_Org_ID>0</AD_Org_ID>
                <Version>0</Version>
                <Name>Icon 500px</Name>
                <Description/>
                <Help/>
                <AD_Val_Rule_ID reference="id"/>
                <ColumnName>Icon500_ID</ColumnName>
                <DefaultValue/>
                <FieldLength>10</FieldLength>
                <IsKey>N</IsKey>
                <IsParent>N</IsParent>
                <IsMandatory>N</IsMandatory>
                <IsTranslated>N</IsTranslated>
                <IsIdentifier>N</IsIdentifier>
                <SeqNo>0</SeqNo>
                <IsEncrypted>N</IsEncrypted>
                <AD_Reference_ID reference="id">32</AD_Reference_ID>
                <IsActive>Y</IsActive>
                <VFormat/>
                <Callout/>
                <AD_Element_ID reference="uuid" reference-key="AD_Element">465387d9-0201-477d-a0eb-27eeb093e1d0</AD_Element_ID>
                <IsUpdateable>Y</IsUpdateable>
                <AD_Process_ID reference="id"/>
                <ValueMin/>
                <ValueMax/>
                <IsSelectionColumn>N</IsSelectionColumn>
                <ReadOnlyLogic/>
                <EntityType>U</EntityType>
                <IsAlwaysUpdateable>Y</IsAlwaysUpdateable>
                <ColumnSQL/>
                <MandatoryLogic/>
                <IsAutocomplete>N</IsAutocomplete>
                <IsAllowLogging>Y</IsAllowLogging>
                <FormatPattern/>
                <AD_Chart_ID reference="id"/>
                <AD_Column_UU>ea3967f5-bd19-4ba9-be4a-29aa31d18f4f</AD_Column_UU>
                <IsAllowCopy>Y</IsAllowCopy>
                <SeqNoSelection>0</SeqNoSelection>
                <IsToolbarButton>N</IsToolbarButton>
                <IsSecure>N</IsSecure>
                <FKConstraintName>Icon500_DMSMimeType</FKConstraintName>
                <FKConstraintType>S</FKConstraintType>
            </AD_Column>
            <AD_Tab type="table">
                <AD_Client_ID>0</AD_Client_ID>
                <AD_Org_ID>0</AD_Org_ID>
                <Name>DMS MimeType</Name>
                <Description/>
                <Help/>
                <AD_Window_ID reference="uuid" reference-key="AD_Window">ccce3737-ef1b-4d9f-848c-32ce24077c87</AD_Window_ID>
                <SeqNo>10</SeqNo>
                <IsSingleRow>Y</IsSingleRow>
                <AD_Table_ID reference="uuid" reference-key="AD_Table">3f9811f5-2512-4da1-aec1-466073f9b24f</AD_Table_ID>
                <IsActive>Y</IsActive>
                <HasTree>N</HasTree>
                <IsInfoTab>N</IsInfoTab>
                <IsTranslationTab>N</IsTranslationTab>
                <IsReadOnly>N</IsReadOnly>
                <AD_Column_ID reference="id"/>
                <WhereClause/>
                <OrderByClause/>
                <CommitWarning/>
                <AD_Process_ID reference="id"/>
                <Processing>N</Processing>
                <AD_Image_ID reference="id"/>
                <ImportFields>N</ImportFields>
                <TabLevel>0</TabLevel>
                <IsSortTab>N</IsSortTab>
                <AD_ColumnSortYesNo_ID reference="id"/>
                <AD_ColumnSortOrder_ID reference="id"/>
                <EntityType>DMS</EntityType>
                <Included_Tab_ID reference="id"/>
                <ReadOnlyLogic/>
                <DisplayLogic/>
                <IsInsertRecord>Y</IsInsertRecord>
                <IsAdvancedTab>N</IsAdvancedTab>
                <Parent_Column_ID reference="id"/>
                <AD_Tab_UU>fc23ece9-17ab-4645-ace9-cd2cf4cdf873</AD_Tab_UU>
                <AD_CtxHelp_ID reference="id"/>
                <TreeDisplayedOn>B</TreeDisplayedOn>
                <AD_Tab_Trl type="translation">
                    <Help/>
                    <CommitWarning/>
                    <Name>DMS MimeType</Name>
                    <Description/>
                    <AD_Language>es_CO</AD_Language>
                    <IsActive>Y</IsActive>
                    <IsTranslated>N</IsTranslated>
                </AD_Tab_Trl>
                <AD_Field type="table">
                    <AD_Client_ID>0</AD_Client_ID>
                    <AD_Org_ID>0</AD_Org_ID>
                    <Name>Mime Type</Name>
                    <Description>Mime Type of the uploaded file</Description>
                    <Help>Mime Type of the uploaded file - like. doc. xls, pdf..etc.</Help>
                    <AD_Tab_ID reference="uuid" reference-key="AD_Tab">fc23ece9-17ab-4645-ace9-cd2cf4cdf873</AD_Tab_ID>
                    <AD_Column_ID reference="uuid" reference-key="AD_Column">99cd6822-443b-42df-8bd7-d4ecca4a36ce</AD_Column_ID>
                    <IsDisplayed>N</IsDisplayed>
                    <DisplayLogic/>
                    <DisplayLength>10</DisplayLength>
                    <SeqNo>0</SeqNo>
                    <SortNo/>
                    <IsSameLine>N</IsSameLine>
                    <IsHeading>N</IsHeading>
                    <IsFieldOnly>N</IsFieldOnly>
                    <IsEncrypted>N</IsEncrypted>
                    <IsActive>Y</IsActive>
                    <IsReadOnly>N</IsReadOnly>
                    <IsCentrallyMaintained>Y</IsCentrallyMaintained>
                    <AD_FieldGroup_ID reference="id"/>
                    <EntityType>DMS</EntityType>
                    <ObscureType/>
                    <AD_Reference_ID reference="id"/>
                    <IsMandatory/>
                    <DefaultValue/>
                    <AD_Reference_Value_ID reference="id"/>
                    <AD_Val_Rule_ID reference="id"/>
                    <Included_Tab_ID reference="id"/>
                    <AD_Field_UU>07adc097-f626-478f-a341-c712da354318</AD_Field_UU>
                    <IsAllowCopy/>
                    <IsDisplayedGrid>N</IsDisplayedGrid>
                    <SeqNoGrid/>
                    <XPosition>1</XPosition>
                    <ColumnSpan>2</ColumnSpan>
                    <NumLines>1</NumLines>
                    <IsQuickEntry>N</IsQuickEntry>
                    <IsUpdateable/>
                    <IsAlwaysUpdateable/>
                    <MandatoryLogic/>
                    <ReadOnlyLogic/>
                    <IsToolbarButton/>
                    <IsDefaultFocus>N</IsDefaultFocus>
                    <IsAdvancedField>N</IsAdvancedField>
                    <AD_Field_Trl type="translation">
                        <Help>Mime Type of the uploaded file - like. doc. xls, pdf..etc.</Help>
                        <Description>Mime Type of the uploaded file</Description>
                        <Name>Mime Type</Name>
                        <AD_Language>es_CO</AD_Language>
                        <IsActive>Y</IsActive>
                        <IsTranslated>N</IsTranslated>
                    </AD_Field_Trl>
                </AD_Field>
                <AD_Field type="table">
                    <AD_Client_ID>0</AD_Client_ID>
                    <AD_Org_ID>0</AD_Org_ID>
                    <Name>Client</Name>
                    <Description>Client/Tenant for this installation.</Description>
                    <Help>A Client is a company or a legal entity. You cannot share data between Clients. Tenant is a synonym for Client.</Help>
                    <AD_Tab_ID reference="uuid" reference-key="AD_Tab">fc23ece9-17ab-4645-ace9-cd2cf4cdf873</AD_Tab_ID>
                    <AD_Column_ID reference="uuid" reference-key="AD_Column">86243fae-9ddd-4695-8a14-8343850ee36a</AD_Column_ID>
                    <IsDisplayed>Y</IsDisplayed>
                    <DisplayLogic/>
                    <DisplayLength>10</DisplayLength>
                    <SeqNo>10</SeqNo>
                    <SortNo/>
                    <IsSameLine>N</IsSameLine>
                    <IsHeading>N</IsHeading>
                    <IsFieldOnly>N</IsFieldOnly>
                    <IsEncrypted>N</IsEncrypted>
                    <IsActive>Y</IsActive>
                    <IsReadOnly>Y</IsReadOnly>
                    <IsCentrallyMaintained>Y</IsCentrallyMaintained>
                    <AD_FieldGroup_ID reference="id"/>
                    <EntityType>DMS</EntityType>
                    <ObscureType/>
                    <AD_Reference_ID reference="id"/>
                    <IsMandatory/>
                    <DefaultValue/>
                    <AD_Reference_Value_ID reference="id"/>
                    <AD_Val_Rule_ID reference="id"/>
                    <Included_Tab_ID reference="id"/>
                    <AD_Field_UU>4ddb3a08-2c86-4383-8f8e-2701ea899dc6</AD_Field_UU>
                    <IsAllowCopy/>
                    <IsDisplayedGrid>Y</IsDisplayedGrid>
                    <SeqNoGrid>10</SeqNoGrid>
                    <XPosition>1</XPosition>
                    <ColumnSpan>2</ColumnSpan>
                    <NumLines>1</NumLines>
                    <IsQuickEntry>N</IsQuickEntry>
                    <IsUpdateable/>
                    <IsAlwaysUpdateable/>
                    <MandatoryLogic/>
                    <ReadOnlyLogic/>
                    <IsToolbarButton/>
                    <IsDefaultFocus>N</IsDefaultFocus>
                    <IsAdvancedField>N</IsAdvancedField>
                    <AD_Field_Trl type="translation">
                        <Help>A Client is a company or a legal entity. You cannot share data between Clients. Tenant is a synonym for Client.</Help>
                        <Description>Client/Tenant for this installation.</Description>
                        <Name>Client</Name>
                        <AD_Language>es_CO</AD_Language>
                        <IsActive>Y</IsActive>
                        <IsTranslated>N</IsTranslated>
                    </AD_Field_Trl>
                </AD_Field>
                <AD_Field type="table">
                    <AD_Client_ID>0</AD_Client_ID>
                    <AD_Org_ID>0</AD_Org_ID>
                    <Name>Organization</Name>
                    <Description>Organizational entity within client</Description>
                    <Help>An organization is a unit of your client or legal entity - examples are store, department. You can share data between organizations.</Help>
                    <AD_Tab_ID reference="uuid" reference-key="AD_Tab">fc23ece9-17ab-4645-ace9-cd2cf4cdf873</AD_Tab_ID>
                    <AD_Column_ID reference="uuid" reference-key="AD_Column">d618a0ba-ea1d-475c-a943-efb3b738c6a2</AD_Column_ID>
                    <IsDisplayed>Y</IsDisplayed>
                    <DisplayLogic/>
                    <DisplayLength>10</DisplayLength>
                    <SeqNo>20</SeqNo>
                    <SortNo/>
                    <IsSameLine>N</IsSameLine>
                    <IsHeading>N</IsHeading>
                    <IsFieldOnly>N</IsFieldOnly>
                    <IsEncrypted>N</IsEncrypted>
                    <IsActive>Y</IsActive>
                    <IsReadOnly>Y</IsReadOnly>
                    <IsCentrallyMaintained>Y</IsCentrallyMaintained>
                    <AD_FieldGroup_ID reference="id"/>
                    <EntityType>DMS</EntityType>
                    <ObscureType/>
                    <AD_Reference_ID reference="id"/>
                    <IsMandatory/>
                    <DefaultValue/>
                    <AD_Reference_Value_ID reference="id"/>
                    <AD_Val_Rule_ID reference="id"/>
                    <Included_Tab_ID reference="id"/>
                    <AD_Field_UU>b4dc67d9-a9a7-4420-a429-810268243af3</AD_Field_UU>
                    <IsAllowCopy>Y</IsAllowCopy>
                    <IsDisplayedGrid>N</IsDisplayedGrid>
                    <SeqNoGrid/>
                    <XPosition>4</XPosition>
                    <ColumnSpan>2</ColumnSpan>
                    <NumLines>1</NumLines>
                    <IsQuickEntry>N</IsQuickEntry>
                    <IsUpdateable/>
                    <IsAlwaysUpdateable/>
                    <MandatoryLogic/>
                    <ReadOnlyLogic/>
                    <IsToolbarButton/>
                    <IsDefaultFocus>N</IsDefaultFocus>
                    <IsAdvancedField>N</IsAdvancedField>
                    <AD_Field_Trl type="translation">
                        <Help>An organization is a unit of your client or legal entity - examples are store, department. You can share data between organizations.</Help>
                        <Description>Organizational entity within client</Description>
                        <Name>Organization</Name>
                        <AD_Language>es_CO</AD_Language>
                        <IsActive>Y</IsActive>
                        <IsTranslated>N</IsTranslated>
                    </AD_Field_Trl>
                </AD_Field>
                <AD_Field type="table">
                    <AD_Client_ID>0</AD_Client_ID>
                    <AD_Org_ID>0</AD_Org_ID>
                    <Name>Search Key</Name>
                    <Description>Search key for the record in the format required - must be unique</Description>
                    <Help>A search key allows you a fast method of finding a particular record.
If you leave the search key empty, the system automatically creates a numeric number.  The document sequence used for this fallback number is defined in the "Maintain Sequence" window with the name "DocumentNo_&lt;TableName&gt;", where TableName is the actual name of the table (e.g. C_Order).</Help>
                    <AD_Tab_ID reference="uuid" reference-key="AD_Tab">fc23ece9-17ab-4645-ace9-cd2cf4cdf873</AD_Tab_ID>
                    <AD_Column_ID reference="uuid" reference-key="AD_Column">c92438d6-d78e-4e16-b8c1-daeeb6c8b7d0</AD_Column_ID>
                    <IsDisplayed>Y</IsDisplayed>
                    <DisplayLogic/>
                    <DisplayLength>40</DisplayLength>
                    <SeqNo>30</SeqNo>
                    <SortNo/>
                    <IsSameLine>N</IsSameLine>
                    <IsHeading>N</IsHeading>
                    <IsFieldOnly>N</IsFieldOnly>
                    <IsEncrypted>N</IsEncrypted>
                    <IsActive>Y</IsActive>
                    <IsReadOnly>N</IsReadOnly>
                    <IsCentrallyMaintained>Y</IsCentrallyMaintained>
                    <AD_FieldGroup_ID reference="id"/>
                    <EntityType>DMS</EntityType>
                    <ObscureType/>
                    <AD_Reference_ID reference="id"/>
                    <IsMandatory/>
                    <DefaultValue/>
                    <AD_Reference_Value_ID reference="id"/>
                    <AD_Val_Rule_ID reference="id"/>
                    <Included_Tab_ID reference="id"/>
                    <AD_Field_UU>539dc92a-5229-4def-92de-8d3fa5d3323b</AD_Field_UU>
                    <IsAllowCopy/>
                    <IsDisplayedGrid>Y</IsDisplayedGrid>
                    <SeqNoGrid>20</SeqNoGrid>
                    <XPosition>1</XPosition>
                    <ColumnSpan>2</ColumnSpan>
                    <NumLines>1</NumLines>
                    <IsQuickEntry>N</IsQuickEntry>
                    <IsUpdateable/>
                    <IsAlwaysUpdateable/>
                    <MandatoryLogic/>
                    <ReadOnlyLogic/>
                    <IsToolbarButton/>
                    <IsDefaultFocus>N</IsDefaultFocus>
                    <IsAdvancedField>N</IsAdvancedField>
                    <AD_Field_Trl type="translation">
                        <Help>A search key allows you a fast method of finding a particular record.
If you leave the search key empty, the system automatically creates a numeric number.  The document sequence used for this fallback number is defined in the "Maintain Sequence" window with the name "DocumentNo_&lt;TableName&gt;", where TableName is the actual name of the table (e.g. C_Order).</Help>
                        <Description>Search key for the record in the format required - must be unique</Description>
                        <Name>Search Key</Name>
                        <AD_Language>es_CO</AD_Language>
                        <IsActive>Y</IsActive>
                        <IsTranslated>N</IsTranslated>
                    </AD_Field_Trl>
                </AD_Field>
                <AD_Field type="table">
                    <AD_Client_ID>0</AD_Client_ID>
                    <AD_Org_ID>0</AD_Org_ID>
                    <Name>Name</Name>
                    <Description>Alphanumeric identifier of the entity</Description>
                    <Help>The name of an entity (record) is used as an default search option in addition to the search key. The name is up to 60 characters in length.</Help>
                    <AD_Tab_ID reference="uuid" reference-key="AD_Tab">fc23ece9-17ab-4645-ace9-cd2cf4cdf873</AD_Tab_ID>
                    <AD_Column_ID reference="uuid" reference-key="AD_Column">6c07dec3-c5dd-4a59-ad41-bea3845ee6a4</AD_Column_ID>
                    <IsDisplayed>Y</IsDisplayed>
                    <DisplayLogic/>
                    <DisplayLength>60</DisplayLength>
                    <SeqNo>40</SeqNo>
                    <SortNo/>
                    <IsSameLine>N</IsSameLine>
                    <IsHeading>N</IsHeading>
                    <IsFieldOnly>N</IsFieldOnly>
                    <IsEncrypted>N</IsEncrypted>
                    <IsActive>Y</IsActive>
                    <IsReadOnly>N</IsReadOnly>
                    <IsCentrallyMaintained>Y</IsCentrallyMaintained>
                    <AD_FieldGroup_ID reference="id"/>
                    <EntityType>DMS</EntityType>
                    <ObscureType/>
                    <AD_Reference_ID reference="id"/>
                    <IsMandatory/>
                    <DefaultValue/>
                    <AD_Reference_Value_ID reference="id"/>
                    <AD_Val_Rule_ID reference="id"/>
                    <Included_Tab_ID reference="id"/>
                    <AD_Field_UU>006e4640-1582-49fd-bc1c-2b8c83a56a40</AD_Field_UU>
                    <IsAllowCopy/>
                    <IsDisplayedGrid>Y</IsDisplayedGrid>
                    <SeqNoGrid>30</SeqNoGrid>
                    <XPosition>1</XPosition>
                    <ColumnSpan>5</ColumnSpan>
                    <NumLines>1</NumLines>
                    <IsQuickEntry>N</IsQuickEntry>
                    <IsUpdateable/>
                    <IsAlwaysUpdateable/>
                    <MandatoryLogic/>
                    <ReadOnlyLogic/>
                    <IsToolbarButton/>
                    <IsDefaultFocus>N</IsDefaultFocus>
                    <IsAdvancedField>N</IsAdvancedField>
                    <AD_Field_Trl type="translation">
                        <Help>The name of an entity (record) is used as an default search option in addition to the search key. The name is up to 60 characters in length.</Help>
                        <Description>Alphanumeric identifier of the entity</Description>
                        <Name>Name</Name>
                        <AD_Language>es_CO</AD_Language>
                        <IsActive>Y</IsActive>
                        <IsTranslated>N</IsTranslated>
                    </AD_Field_Trl>
                </AD_Field>
                <AD_Field type="table">
                    <AD_Client_ID>0</AD_Client_ID>
                    <AD_Org_ID>0</AD_Org_ID>
                    <Name>Description</Name>
                    <Description>Optional short description of the record</Description>
                    <Help>A description is limited to 255 characters.</Help>
                    <AD_Tab_ID reference="uuid" reference-key="AD_Tab">fc23ece9-17ab-4645-ace9-cd2cf4cdf873</AD_Tab_ID>
                    <AD_Column_ID reference="uuid" reference-key="AD_Column">78b0ffd3-a543-441d-a144-f50ecbdcfa69</AD_Column_ID>
                    <IsDisplayed>Y</IsDisplayed>
                    <DisplayLogic/>
                    <DisplayLength>255</DisplayLength>
                    <SeqNo>50</SeqNo>
                    <SortNo/>
                    <IsSameLine>N</IsSameLine>
                    <IsHeading>N</IsHeading>
                    <IsFieldOnly>N</IsFieldOnly>
                    <IsEncrypted>N</IsEncrypted>
                    <IsActive>Y</IsActive>
                    <IsReadOnly>N</IsReadOnly>
                    <IsCentrallyMaintained>Y</IsCentrallyMaintained>
                    <AD_FieldGroup_ID reference="id"/>
                    <EntityType>DMS</EntityType>
                    <ObscureType/>
                    <AD_Reference_ID reference="id"/>
                    <IsMandatory/>
                    <DefaultValue/>
                    <AD_Reference_Value_ID reference="id"/>
                    <AD_Val_Rule_ID reference="id"/>
                    <Included_Tab_ID reference="id"/>
                    <AD_Field_UU>6c27c4d2-a102-4c4f-9018-499273b1e1d2</AD_Field_UU>
                    <IsAllowCopy/>
                    <IsDisplayedGrid>Y</IsDisplayedGrid>
                    <SeqNoGrid>40</SeqNoGrid>
                    <XPosition>1</XPosition>
                    <ColumnSpan>5</ColumnSpan>
                    <NumLines>2</NumLines>
                    <IsQuickEntry>N</IsQuickEntry>
                    <IsUpdateable/>
                    <IsAlwaysUpdateable/>
                    <MandatoryLogic/>
                    <ReadOnlyLogic/>
                    <IsToolbarButton/>
                    <IsDefaultFocus>N</IsDefaultFocus>
                    <IsAdvancedField>N</IsAdvancedField>
                    <AD_Field_Trl type="translation">
                        <Help>A description is limited to 255 characters.</Help>
                        <Description>Optional short description of the record</Description>
                        <Name>Description</Name>
                        <AD_Language>es_CO</AD_Language>
                        <IsActive>Y</IsActive>
                        <IsTranslated>N</IsTranslated>
                    </AD_Field_Trl>
                </AD_Field>
                <AD_Field type="table">
                    <AD_Client_ID>0</AD_Client_ID>
                    <AD_Org_ID>0</AD_Org_ID>
                    <Name>Mime Type</Name>
                    <Description>Mime Type of the uploaded file</Description>
                    <Help>Mime Type of the uploaded file - like. doc. xls, pdf..etc.</Help>
                    <AD_Tab_ID reference="uuid" reference-key="AD_Tab">fc23ece9-17ab-4645-ace9-cd2cf4cdf873</AD_Tab_ID>
                    <AD_Column_ID reference="uuid" reference-key="AD_Column">a2a08922-e083-4247-8334-9e967d081a74</AD_Column_ID>
                    <IsDisplayed>Y</IsDisplayed>
                    <DisplayLogic/>
                    <DisplayLength>100</DisplayLength>
                    <SeqNo>60</SeqNo>
                    <SortNo/>
                    <IsSameLine>N</IsSameLine>
                    <IsHeading>N</IsHeading>
                    <IsFieldOnly>N</IsFieldOnly>
                    <IsEncrypted>N</IsEncrypted>
                    <IsActive>Y</IsActive>
                    <IsReadOnly>N</IsReadOnly>
                    <IsCentrallyMaintained>Y</IsCentrallyMaintained>
                    <AD_FieldGroup_ID reference="id"/>
                    <EntityType>DMS</EntityType>
                    <ObscureType/>
                    <AD_Reference_ID reference="id"/>
                    <IsMandatory/>
                    <DefaultValue/>
                    <AD_Reference_Value_ID reference="id"/>
                    <AD_Val_Rule_ID reference="id"/>
                    <Included_Tab_ID reference="id"/>
                    <AD_Field_UU>1883a3d2-0541-4f2a-9224-8fc13c6b7c8a</AD_Field_UU>
                    <IsAllowCopy/>
                    <IsDisplayedGrid>Y</IsDisplayedGrid>
                    <SeqNoGrid>80</SeqNoGrid>
                    <XPosition>1</XPosition>
                    <ColumnSpan>2</ColumnSpan>
                    <NumLines>1</NumLines>
                    <IsQuickEntry>N</IsQuickEntry>
                    <IsUpdateable/>
                    <IsAlwaysUpdateable/>
                    <MandatoryLogic/>
                    <ReadOnlyLogic/>
                    <IsToolbarButton/>
                    <IsDefaultFocus>N</IsDefaultFocus>
                    <IsAdvancedField>N</IsAdvancedField>
                    <AD_Field_Trl type="translation">
                        <Help>Mime Type of the uploaded file - like. doc. xls, pdf..etc.</Help>
                        <Description>Mime Type of the uploaded file</Description>
                        <Name>Mime Type</Name>
                        <AD_Language>es_CO</AD_Language>
                        <IsActive>Y</IsActive>
                        <IsTranslated>N</IsTranslated>
                    </AD_Field_Trl>
                </AD_Field>
                <AD_Field type="table">
                    <AD_Client_ID>0</AD_Client_ID>
                    <AD_Org_ID>0</AD_Org_ID>
                    <Name>File Extension</Name>
                    <Description>Extension of the uploaded file</Description>
                    <Help>Extension of the uploaded file - like. doc. xls, pdf..etc.</Help>
                    <AD_Tab_ID reference="uuid" reference-key="AD_Tab">fc23ece9-17ab-4645-ace9-cd2cf4cdf873</AD_Tab_ID>
                    <AD_Column_ID reference="uuid" reference-key="AD_Column">a2373f3e-dab2-48c4-8ec7-1cff6d19f656</AD_Column_ID>
                    <IsDisplayed>Y</IsDisplayed>
                    <DisplayLogic/>
                    <DisplayLength>3</DisplayLength>
                    <SeqNo>70</SeqNo>
                    <SortNo/>
                    <IsSameLine>N</IsSameLine>
                    <IsHeading>N</IsHeading>
                    <IsFieldOnly>N</IsFieldOnly>
                    <IsEncrypted>N</IsEncrypted>
                    <IsActive>Y</IsActive>
                    <IsReadOnly>N</IsReadOnly>
                    <IsCentrallyMaintained>Y</IsCentrallyMaintained>
                    <AD_FieldGroup_ID reference="id"/>
                    <EntityType>DMS</EntityType>
                    <ObscureType/>
                    <AD_Reference_ID reference="id"/>
                    <IsMandatory/>
                    <DefaultValue/>
                    <AD_Reference_Value_ID reference="id"/>
                    <AD_Val_Rule_ID reference="id"/>
                    <Included_Tab_ID reference="id"/>
                    <AD_Field_UU>dfd6ff51-1a63-4295-9a97-43d37d96fd04</AD_Field_UU>
                    <IsAllowCopy/>
                    <IsDisplayedGrid>Y</IsDisplayedGrid>
                    <SeqNoGrid>70</SeqNoGrid>
                    <XPosition>4</XPosition>
                    <ColumnSpan>2</ColumnSpan>
                    <NumLines>1</NumLines>
                    <IsQuickEntry>N</IsQuickEntry>
                    <IsUpdateable/>
                    <IsAlwaysUpdateable/>
                    <MandatoryLogic/>
                    <ReadOnlyLogic/>
                    <IsToolbarButton/>
                    <IsDefaultFocus>N</IsDefaultFocus>
                    <IsAdvancedField>N</IsAdvancedField>
                    <AD_Field_Trl type="translation">
                        <Help>Extension of the uploaded file - like. doc. xls, pdf..etc.</Help>
                        <Description>Extension of the uploaded file</Description>
                        <Name>File Extension</Name>
                        <AD_Language>es_CO</AD_Language>
                        <IsActive>Y</IsActive>
                        <IsTranslated>N</IsTranslated>
                    </AD_Field_Trl>
                </AD_Field>
                <AD_Field type="table">
                    <AD_Client_ID>0</AD_Client_ID>
                    <AD_Org_ID>0</AD_Org_ID>
                    <Name>Icon</Name>
                    <Description/>
                    <Help/>
                    <AD_Tab_ID reference="uuid" reference-key="AD_Tab">fc23ece9-17ab-4645-ace9-cd2cf4cdf873</AD_Tab_ID>
                    <AD_Column_ID reference="uuid" reference-key="AD_Column">b9d6886a-3eec-422a-890b-f7face708228</AD_Column_ID>
                    <IsDisplayed>Y</IsDisplayed>
                    <DisplayLogic/>
                    <DisplayLength>10</DisplayLength>
                    <SeqNo>80</SeqNo>
                    <SortNo/>
                    <IsSameLine>N</IsSameLine>
                    <IsHeading>N</IsHeading>
                    <IsFieldOnly>N</IsFieldOnly>
                    <IsEncrypted>N</IsEncrypted>
                    <IsActive>Y</IsActive>
                    <IsReadOnly>N</IsReadOnly>
                    <IsCentrallyMaintained>Y</IsCentrallyMaintained>
                    <AD_FieldGroup_ID reference="id"/>
                    <EntityType>DMS</EntityType>
                    <ObscureType/>
                    <AD_Reference_ID reference="id"/>
                    <IsMandatory/>
                    <DefaultValue/>
                    <AD_Reference_Value_ID reference="id"/>
                    <AD_Val_Rule_ID reference="id"/>
                    <Included_Tab_ID reference="id"/>
                    <AD_Field_UU>5b04f936-908b-46ee-ad26-ea62c59dcba1</AD_Field_UU>
                    <IsAllowCopy/>
                    <IsDisplayedGrid>Y</IsDisplayedGrid>
                    <SeqNoGrid>60</SeqNoGrid>
                    <XPosition>1</XPosition>
                    <ColumnSpan>2</ColumnSpan>
                    <NumLines>1</NumLines>
                    <IsQuickEntry>N</IsQuickEntry>
                    <IsUpdateable/>
                    <IsAlwaysUpdateable/>
                    <MandatoryLogic/>
                    <ReadOnlyLogic/>
                    <IsToolbarButton/>
                    <IsDefaultFocus>N</IsDefaultFocus>
                    <IsAdvancedField>N</IsAdvancedField>
                    <AD_Field_Trl type="translation">
                        <Help/>
                        <Description/>
                        <Name>Icon</Name>
                        <AD_Language>es_CO</AD_Language>
                        <IsActive>Y</IsActive>
                        <IsTranslated>N</IsTranslated>
                    </AD_Field_Trl>
                </AD_Field>
                <AD_Field type="table">
                    <AD_Client_ID>0</AD_Client_ID>
                    <AD_Org_ID>0</AD_Org_ID>
                    <Name>Icon 300px</Name>
                    <Description/>
                    <Help/>
                    <AD_Tab_ID reference="uuid" reference-key="AD_Tab">fc23ece9-17ab-4645-ace9-cd2cf4cdf873</AD_Tab_ID>
                    <AD_Column_ID reference="uuid" reference-key="AD_Column">cb3322e9-13ec-4472-8596-3249cbe479f5</AD_Column_ID>
                    <IsDisplayed>Y</IsDisplayed>
                    <DisplayLogic/>
                    <DisplayLength>10</DisplayLength>
                    <SeqNo>90</SeqNo>
                    <SortNo/>
                    <IsSameLine>N</IsSameLine>
                    <IsHeading>N</IsHeading>
                    <IsFieldOnly>N</IsFieldOnly>
                    <IsEncrypted>N</IsEncrypted>
                    <IsActive>Y</IsActive>
                    <IsReadOnly>N</IsReadOnly>
                    <IsCentrallyMaintained>Y</IsCentrallyMaintained>
                    <AD_FieldGroup_ID reference="id"/>
                    <EntityType>DMS</EntityType>
                    <ObscureType/>
                    <AD_Reference_ID reference="id"/>
                    <IsMandatory/>
                    <DefaultValue/>
                    <AD_Reference_Value_ID reference="id"/>
                    <AD_Val_Rule_ID reference="id"/>
                    <Included_Tab_ID reference="id"/>
                    <AD_Field_UU>a6175156-b732-435c-bd25-67a7c80dd1d5</AD_Field_UU>
                    <IsAllowCopy/>
                    <IsDisplayedGrid>Y</IsDisplayedGrid>
                    <SeqNoGrid>100</SeqNoGrid>
                    <XPosition>1</XPosition>
                    <ColumnSpan>2</ColumnSpan>
                    <NumLines>1</NumLines>
                    <IsQuickEntry>N</IsQuickEntry>
                    <IsUpdateable/>
                    <IsAlwaysUpdateable/>
                    <MandatoryLogic/>
                    <ReadOnlyLogic/>
                    <IsToolbarButton/>
                    <IsDefaultFocus>N</IsDefaultFocus>
                    <IsAdvancedField>N</IsAdvancedField>
                    <AD_Field_Trl type="translation">
                        <Help/>
                        <Description/>
                        <Name>Icon 300px</Name>
                        <AD_Language>es_CO</AD_Language>
                        <IsActive>Y</IsActive>
                        <IsTranslated>N</IsTranslated>
                    </AD_Field_Trl>
                </AD_Field>
                <AD_Field type="table">
                    <AD_Client_ID>0</AD_Client_ID>
                    <AD_Org_ID>0</AD_Org_ID>
                    <Name>Icon 500px</Name>
                    <Description/>
                    <Help/>
                    <AD_Tab_ID reference="uuid" reference-key="AD_Tab">fc23ece9-17ab-4645-ace9-cd2cf4cdf873</AD_Tab_ID>
                    <AD_Column_ID reference="uuid" reference-key="AD_Column">ea3967f5-bd19-4ba9-be4a-29aa31d18f4f</AD_Column_ID>
                    <IsDisplayed>Y</IsDisplayed>
                    <DisplayLogic/>
                    <DisplayLength>10</DisplayLength>
                    <SeqNo>100</SeqNo>
                    <SortNo/>
                    <IsSameLine>N</IsSameLine>
                    <IsHeading>N</IsHeading>
                    <IsFieldOnly>N</IsFieldOnly>
                    <IsEncrypted>N</IsEncrypted>
                    <IsActive>Y</IsActive>
                    <IsReadOnly>N</IsReadOnly>
                    <IsCentrallyMaintained>Y</IsCentrallyMaintained>
                    <AD_FieldGroup_ID reference="id"/>
                    <EntityType>U</EntityType>
                    <ObscureType/>
                    <AD_Reference_ID reference="id"/>
                    <IsMandatory/>
                    <DefaultValue/>
                    <AD_Reference_Value_ID reference="id"/>
                    <AD_Val_Rule_ID reference="id"/>
                    <Included_Tab_ID reference="id"/>
                    <AD_Field_UU>4dfaecfd-9b5f-4e1d-9836-6f6cd6128330</AD_Field_UU>
                    <IsAllowCopy/>
                    <IsDisplayedGrid>Y</IsDisplayedGrid>
                    <SeqNoGrid>110</SeqNoGrid>
                    <XPosition>1</XPosition>
                    <ColumnSpan>2</ColumnSpan>
                    <NumLines>1</NumLines>
                    <IsQuickEntry>N</IsQuickEntry>
                    <IsUpdateable/>
                    <IsAlwaysUpdateable/>
                    <MandatoryLogic/>
                    <ReadOnlyLogic/>
                    <IsToolbarButton/>
                    <IsDefaultFocus>N</IsDefaultFocus>
                    <IsAdvancedField>N</IsAdvancedField>
                    <AD_Field_Trl type="translation">
                        <Help/>
                        <Description/>
                        <Name>Icon 500px</Name>
                        <AD_Language>es_CO</AD_Language>
                        <IsActive>Y</IsActive>
                        <IsTranslated>N</IsTranslated>
                    </AD_Field_Trl>
                </AD_Field>
                <AD_Field type="table">
                    <AD_Client_ID>0</AD_Client_ID>
                    <AD_Org_ID>0</AD_Org_ID>
                    <Name>Default</Name>
                    <Description>Default value</Description>
                    <Help>The Default Checkbox indicates if this record will be used as a default value.</Help>
                    <AD_Tab_ID reference="uuid" reference-key="AD_Tab">fc23ece9-17ab-4645-ace9-cd2cf4cdf873</AD_Tab_ID>
                    <AD_Column_ID reference="uuid" reference-key="AD_Column">6ca902de-d9c6-4769-936b-907743bc4969</AD_Column_ID>
                    <IsDisplayed>Y</IsDisplayed>
                    <DisplayLogic/>
                    <DisplayLength>1</DisplayLength>
                    <SeqNo>110</SeqNo>
                    <SortNo/>
                    <IsSameLine>N</IsSameLine>
                    <IsHeading>N</IsHeading>
                    <IsFieldOnly>N</IsFieldOnly>
                    <IsEncrypted>N</IsEncrypted>
                    <IsActive>Y</IsActive>
                    <IsReadOnly>N</IsReadOnly>
                    <IsCentrallyMaintained>Y</IsCentrallyMaintained>
                    <AD_FieldGroup_ID reference="id"/>
                    <EntityType>DMS</EntityType>
                    <ObscureType/>
                    <AD_Reference_ID reference="id"/>
                    <IsMandatory/>
                    <DefaultValue/>
                    <AD_Reference_Value_ID reference="id"/>
                    <AD_Val_Rule_ID reference="id"/>
                    <Included_Tab_ID reference="id"/>
                    <AD_Field_UU>2aa22e13-8abd-4e78-b88b-8517283928f1</AD_Field_UU>
                    <IsAllowCopy/>
                    <IsDisplayedGrid>Y</IsDisplayedGrid>
                    <SeqNoGrid>50</SeqNoGrid>
                    <XPosition>2</XPosition>
                    <ColumnSpan>2</ColumnSpan>
                    <NumLines>1</NumLines>
                    <IsQuickEntry>N</IsQuickEntry>
                    <IsUpdateable/>
                    <IsAlwaysUpdateable/>
                    <MandatoryLogic/>
                    <ReadOnlyLogic/>
                    <IsToolbarButton/>
                    <IsDefaultFocus>N</IsDefaultFocus>
                    <IsAdvancedField>N</IsAdvancedField>
                    <AD_Field_Trl type="translation">
                        <Help>The Default Checkbox indicates if this record will be used as a default value.</Help>
                        <Description>Default value</Description>
                        <Name>Default</Name>
                        <AD_Language>es_CO</AD_Language>
                        <IsActive>Y</IsActive>
                        <IsTranslated>N</IsTranslated>
                    </AD_Field_Trl>
                </AD_Field>
                <AD_Field type="table">
                    <AD_Client_ID>0</AD_Client_ID>
                    <AD_Org_ID>0</AD_Org_ID>
                    <Name>Active</Name>
                    <Description>The record is active in the system</Description>
                    <Help>There are two methods of making records unavailable in the system: One is to delete the record, the other is to de-activate the record. A de-activated record is not available for selection, but available for reports.
There are two reasons for de-activating and not deleting records:
(1) The system requires the record for audit purposes.
(2) The record is referenced by other records. E.g., you cannot delete a Business Partner, if there are invoices for this partner record existing. You de-activate the Business Partner and prevent that this record is used for future entries.</Help>
                    <AD_Tab_ID reference="uuid" reference-key="AD_Tab">fc23ece9-17ab-4645-ace9-cd2cf4cdf873</AD_Tab_ID>
                    <AD_Column_ID reference="uuid" reference-key="AD_Column">45015e3f-1e6d-4b12-a6de-f1d70366b206</AD_Column_ID>
                    <IsDisplayed>Y</IsDisplayed>
                    <DisplayLogic/>
                    <DisplayLength>1</DisplayLength>
                    <SeqNo>120</SeqNo>
                    <SortNo/>
                    <IsSameLine>N</IsSameLine>
                    <IsHeading>N</IsHeading>
                    <IsFieldOnly>N</IsFieldOnly>
                    <IsEncrypted>N</IsEncrypted>
                    <IsActive>Y</IsActive>
                    <IsReadOnly>N</IsReadOnly>
                    <IsCentrallyMaintained>Y</IsCentrallyMaintained>
                    <AD_FieldGroup_ID reference="id"/>
                    <EntityType>DMS</EntityType>
                    <ObscureType/>
                    <AD_Reference_ID reference="id"/>
                    <IsMandatory/>
                    <DefaultValue/>
                    <AD_Reference_Value_ID reference="id"/>
                    <AD_Val_Rule_ID reference="id"/>
                    <Included_Tab_ID reference="id"/>
                    <AD_Field_UU>3b576b69-3bfd-4c54-983b-9d26338885bd</AD_Field_UU>
                    <IsAllowCopy/>
                    <IsDisplayedGrid>Y</IsDisplayedGrid>
                    <SeqNoGrid>90</SeqNoGrid>
                    <XPosition>4</XPosition>
                    <ColumnSpan>2</ColumnSpan>
                    <NumLines>1</NumLines>
                    <IsQuickEntry>N</IsQuickEntry>
                    <IsUpdateable/>
                    <IsAlwaysUpdateable/>
                    <MandatoryLogic/>
                    <ReadOnlyLogic/>
                    <IsToolbarButton/>
                    <IsDefaultFocus>N</IsDefaultFocus>
                    <IsAdvancedField>N</IsAdvancedField>
                    <AD_Field_Trl type="translation">
                        <Help>There are two methods of making records unavailable in the system: One is to delete the record, the other is to de-activate the record. A de-activated record is not available for selection, but available for reports.
There are two reasons for de-activating and not deleting records:
(1) The system requires the record for audit purposes.
(2) The record is referenced by other records. E.g., you cannot delete a Business Partner, if there are invoices for this partner record existing. You de-activate the Business Partner and prevent that this record is used for future entries.</Help>
                        <Description>The record is active in the system</Description>
                        <Name>Active</Name>
                        <AD_Language>es_CO</AD_Language>
                        <IsActive>Y</IsActive>
                        <IsTranslated>N</IsTranslated>
                    </AD_Field_Trl>
                </AD_Field>
            </AD_Tab>
        </AD_Window>
    </AD_Menu>
    <AD_Message type="table">
        <AD_Client_ID>0</AD_Client_ID>
        <AD_Org_ID>0</AD_Org_ID>
        <MsgType>I</MsgType>
        <MsgText>Directory already exists</MsgText>
        <MsgTip/>
        <IsActive>Y</IsActive>
        <Value>Directory already exists</Value>
        <EntityType>DMS</EntityType>
        <AD_Message_UU>87a2f57b-3760-4c4d-bff8-27cbdf282c75</AD_Message_UU>
        <AD_Message_Trl type="translation">
            <MsgText>Directory already exists</MsgText>
            <MsgTip/>
            <AD_Language>es_CO</AD_Language>
            <IsActive>Y</IsActive>
            <IsTranslated>N</IsTranslated>
        </AD_Message_Trl>
    </AD_Message>
   <AD_Message type="table">
        <AD_Client_ID>0</AD_Client_ID>
        <AD_Org_ID>0</AD_Org_ID>
        <MsgType>I</MsgType>
        <MsgText>Directory is not created</MsgText>
        <MsgTip/>
        <IsActive>Y</IsActive>
        <Value>Directory is not created</Value>
        <EntityType>DMS</EntityType>
        <AD_Message_UU>65b70661-71e2-417e-be1e-33c1b17e62a5</AD_Message_UU>
        <AD_Message_Trl type="translation">
            <MsgText>Directory is not created</MsgText>
            <MsgTip/>
            <AD_Language>es_CO</AD_Language>
            <IsActive>Y</IsActive>
            <IsTranslated>N</IsTranslated>
        </AD_Message_Trl>
    </AD_Message>
    <AD_Message type="table">
        <AD_Client_ID>0</AD_Client_ID>
        <AD_Org_ID>0</AD_Org_ID>
        <MsgType>I</MsgType>
        <MsgText>Create Directory</MsgText>
        <MsgTip/>
        <IsActive>Y</IsActive>
        <Value>Create Directory</Value>
        <EntityType>DMS</EntityType>
        <AD_Message_UU>0c9ed86f-084c-43ca-810c-1495803b17e6</AD_Message_UU>
        <AD_Message_Trl type="translation">
            <MsgText>Create Directory</MsgText>
            <MsgTip/>
            <AD_Language>es_CO</AD_Language>
            <IsActive>Y</IsActive>
            <IsTranslated>N</IsTranslated>
        </AD_Message_Trl>
    </AD_Message>
</idempiere>
