<?xml version="1.0" encoding="UTF-8"?><idempiere Name="DMS_MimeType" Version="1.0.0" idempiereVersion="7.1.0.qualifier" DataBaseVersion="2019-11-22" Description="" Author="SuperUser" AuthorEmail="superuser @ idempiere.com" CreatedDate="Thu Aug 04 19:38:35 IST 2022" UpdatedDate="Thu Aug 04 19:38:35 IST 2022" PackOutVersion="100" UpdateDictionary="true" Client="0-SYSTEM-System" AD_Client_UU="11237b53-9592-4af1-b3c5-afd216514b5d">
    <DMS_MimeType type="table">
        <AD_Client_ID>0</AD_Client_ID>
        <AD_Org_ID>0</AD_Org_ID>
        <IsActive>Y</IsActive>
        <Value>JPEG Image</Value>
        <Name>JPEG Image</Name>
        <Description/>
        <IsDefault>N</IsDefault>
        <Icon_ID reference="uuid" reference-key="AD_Image">fefadb64-73f6-45af-b914-310dc9105bf7</Icon_ID>
        <FileExtension>.jpeg</FileExtension>
        <MimeType>image/jpeg</MimeType>
        <Icon300_ID reference="id"/>
        <Icon500_ID reference="id"/>
        <DMS_MimeType_UU>33e0322d-802b-40d9-8f36-1a6ce3938ea1</DMS_MimeType_UU>
    </DMS_MimeType>
</idempiere>
