<?xml version="1.0" encoding="UTF-8"?><idempiere Name="M_Attribute" Version="1.0.0" idempiereVersion="5.1.0.qualifier" DataBaseVersion="2017-10-31" Description="" Author="SuperUser" AuthorEmail="Test-superuser @ idempiere.com" CreatedDate="Fri Dec 07 17:25:56 IST 2018" UpdatedDate="Fri Dec 07 17:25:56 IST 2018" PackOutVersion="100" UpdateDictionary="true" Client="0-SYSTEM-System" AD_Client_UU="11237b53-9592-4af1-b3c5-afd216514b5d">
    <AD_Reference type="table">
        <AD_Client_ID>0</AD_Client_ID>
        <AD_Org_ID>0</AD_Org_ID>
        <Name>AD_Process</Name>
        <Description>Business Partner selection (no Summary)</Description>
        <Help/>
        <ValidationType>T</ValidationType>
        <IsActive>Y</IsActive>
        <VFormat/>
        <EntityType>U</EntityType>
        <IsOrderByValue>N</IsOrderByValue>
        <AD_Reference_UU>c37ef83b-bbf1-4cd3-b016-983414e2c572</AD_Reference_UU>
        <AD_Ref_Table type="table">
            <AD_Client_ID>0</AD_Client_ID>
            <AD_Org_ID>0</AD_Org_ID>
            <AD_Reference_ID reference="uuid" reference-key="AD_Reference">c37ef83b-bbf1-4cd3-b016-983414e2c572</AD_Reference_ID>
            <AD_Table_ID reference="id">284</AD_Table_ID>
            <WhereClause/>
            <OrderByClause/>
            <IsActive>Y</IsActive>
            <IsValueDisplayed>N</IsValueDisplayed>
            <EntityType>U</EntityType>
            <AD_Window_ID reference="id"/>
            <AD_Ref_Table_UU>8f8207ad-8951-44be-b2cc-4e47581d8a26</AD_Ref_Table_UU>
            <AD_InfoWindow_ID reference="id"/>
            <AD_Display reference="id">2809</AD_Display>
            <AD_Key reference="id">2801</AD_Key>
        </AD_Ref_Table>
    </AD_Reference>
	<M_Attribute type="table">
        <AD_Client_ID>0</AD_Client_ID>
        <AD_Org_ID>0</AD_Org_ID>
        <IsInstanceAttribute>N</IsInstanceAttribute>
        <Name>AD_Process_ID</Name>
        <IsActive>Y</IsActive>
        <Description/>
        <IsMandatory>N</IsMandatory>
        <M_AttributeSearch_ID reference="id"/>
        <AttributeValueType>R</AttributeValueType>
        <M_Attribute_UU>b6d7d528-6646-42d4-a586-70ecbb8a52d8</M_Attribute_UU>
        <AD_Reference_ID reference="id">18</AD_Reference_ID>
        <AD_Reference_Value_ID reference="uuid" reference-key="AD_Reference">c37ef83b-bbf1-4cd3-b016-983414e2c572</AD_Reference_Value_ID>
    </M_Attribute>
	<M_Attribute type="table">
        <AD_Client_ID>0</AD_Client_ID>
        <AD_Org_ID>0</AD_Org_ID>
        <IsInstanceAttribute>N</IsInstanceAttribute>
        <Name>Created</Name>
        <IsActive>Y</IsActive>
        <Description/>
        <IsMandatory>N</IsMandatory>
        <M_AttributeSearch_ID reference="id"/>
        <AttributeValueType>R</AttributeValueType>
        <M_Attribute_UU>4c1c2f2c-546d-456d-a5cc-8ba3199133d3</M_Attribute_UU>
        <AD_Reference_ID reference="id">15</AD_Reference_ID>
        <AD_Reference_Value_ID reference="id"/>
    </M_Attribute>
	<M_Attribute type="table">
        <AD_Client_ID>0</AD_Client_ID>
        <AD_Org_ID>0</AD_Org_ID>
        <IsInstanceAttribute>N</IsInstanceAttribute>
        <Name>DocStatus</Name>
        <IsActive>Y</IsActive>
        <Description>DocStatus</Description>
        <IsMandatory>N</IsMandatory>
        <M_AttributeSearch_ID reference="id"/>
        <AttributeValueType>L</AttributeValueType>
        <M_Attribute_UU>146ae53b-7609-4677-9953-fe3a6f84ccb9</M_Attribute_UU>
        <AD_Reference_ID reference="id">17</AD_Reference_ID>
        <AD_Reference_Value_ID reference="id"/>
        <M_AttributeValue type="table">
            <AD_Client_ID>0</AD_Client_ID>
            <AD_Org_ID>0</AD_Org_ID>
            <Value>??</Value>
            <Description/>
            <M_Attribute_ID reference="uuid" reference-key="M_Attribute">146ae53b-7609-4677-9953-fe3a6f84ccb9</M_Attribute_ID>
            <IsActive>Y</IsActive>
            <Name>Unknown</Name>
            <M_AttributeValue_UU>13c883d6-b307-46f6-ae61-978b4c37f82d</M_AttributeValue_UU>
        </M_AttributeValue>
        <M_AttributeValue type="table">
            <AD_Client_ID>0</AD_Client_ID>
            <AD_Org_ID>0</AD_Org_ID>
            <Value>AP</Value>
            <Description/>
            <M_Attribute_ID reference="uuid" reference-key="M_Attribute">146ae53b-7609-4677-9953-fe3a6f84ccb9</M_Attribute_ID>
            <IsActive>Y</IsActive>
            <Name>Approved</Name>
            <M_AttributeValue_UU>1d858d84-7778-4832-9c16-9bad703d6708</M_AttributeValue_UU>
        </M_AttributeValue>
        <M_AttributeValue type="table">
            <AD_Client_ID>0</AD_Client_ID>
            <AD_Org_ID>0</AD_Org_ID>
            <Value>CL</Value>
            <Description/>
            <M_Attribute_ID reference="uuid" reference-key="M_Attribute">146ae53b-7609-4677-9953-fe3a6f84ccb9</M_Attribute_ID>
            <IsActive>Y</IsActive>
            <Name>Closed</Name>
            <M_AttributeValue_UU>122b5e62-e3f7-48ff-acbf-92b7849b2284</M_AttributeValue_UU>
        </M_AttributeValue>
        <M_AttributeValue type="table">
            <AD_Client_ID>0</AD_Client_ID>
            <AD_Org_ID>0</AD_Org_ID>
            <Value>CO</Value>
            <Description/>
            <M_Attribute_ID reference="uuid" reference-key="M_Attribute">146ae53b-7609-4677-9953-fe3a6f84ccb9</M_Attribute_ID>
            <IsActive>Y</IsActive>
            <Name>Completed</Name>
            <M_AttributeValue_UU>3d14ffed-ebfb-4bd2-9d05-86f35103e236</M_AttributeValue_UU>
        </M_AttributeValue>
        <M_AttributeValue type="table">
            <AD_Client_ID>0</AD_Client_ID>
            <AD_Org_ID>0</AD_Org_ID>
            <Value>DR</Value>
            <Description/>
            <M_Attribute_ID reference="uuid" reference-key="M_Attribute">146ae53b-7609-4677-9953-fe3a6f84ccb9</M_Attribute_ID>
            <IsActive>Y</IsActive>
            <Name>Drafted</Name>
            <M_AttributeValue_UU>d46bdaaf-7304-4254-88c1-c1ef57764ccf</M_AttributeValue_UU>
        </M_AttributeValue>
        <M_AttributeValue type="table">
            <AD_Client_ID>0</AD_Client_ID>
            <AD_Org_ID>0</AD_Org_ID>
            <Value>IN</Value>
            <Description/>
            <M_Attribute_ID reference="uuid" reference-key="M_Attribute">146ae53b-7609-4677-9953-fe3a6f84ccb9</M_Attribute_ID>
            <IsActive>Y</IsActive>
            <Name>Invalid</Name>
            <M_AttributeValue_UU>6f148299-4714-444a-aad9-373fe67ba0fc</M_AttributeValue_UU>
        </M_AttributeValue>
        <M_AttributeValue type="table">
            <AD_Client_ID>0</AD_Client_ID>
            <AD_Org_ID>0</AD_Org_ID>
            <Value>IP</Value>
            <Description/>
            <M_Attribute_ID reference="uuid" reference-key="M_Attribute">146ae53b-7609-4677-9953-fe3a6f84ccb9</M_Attribute_ID>
            <IsActive>Y</IsActive>
            <Name>In Progress</Name>
            <M_AttributeValue_UU>75586b3b-7327-426b-b011-fcac267b2f2d</M_AttributeValue_UU>
        </M_AttributeValue>
        <M_AttributeValue type="table">
            <AD_Client_ID>0</AD_Client_ID>
            <AD_Org_ID>0</AD_Org_ID>
            <Value>NA</Value>
            <Description/>
            <M_Attribute_ID reference="uuid" reference-key="M_Attribute">146ae53b-7609-4677-9953-fe3a6f84ccb9</M_Attribute_ID>
            <IsActive>Y</IsActive>
            <Name>Not Approved</Name>
            <M_AttributeValue_UU>12553ced-9c41-46c2-8c4f-aae99fe68dd2</M_AttributeValue_UU>
        </M_AttributeValue>
        <M_AttributeValue type="table">
            <AD_Client_ID>0</AD_Client_ID>
            <AD_Org_ID>0</AD_Org_ID>
            <Value>RE</Value>
            <Description/>
            <M_Attribute_ID reference="uuid" reference-key="M_Attribute">146ae53b-7609-4677-9953-fe3a6f84ccb9</M_Attribute_ID>
            <IsActive>Y</IsActive>
            <Name>Reversed</Name>
            <M_AttributeValue_UU>fb7bc59e-d96a-44fb-bf2f-56fb6ceb41f0</M_AttributeValue_UU>
        </M_AttributeValue>
        <M_AttributeValue type="table">
            <AD_Client_ID>0</AD_Client_ID>
            <AD_Org_ID>0</AD_Org_ID>
            <Value>VO</Value>
            <Description/>
            <M_Attribute_ID reference="uuid" reference-key="M_Attribute">146ae53b-7609-4677-9953-fe3a6f84ccb9</M_Attribute_ID>
            <IsActive>Y</IsActive>
            <Name>Voided</Name>
            <M_AttributeValue_UU>f22907a7-e39b-486f-899c-3b1398ac9729</M_AttributeValue_UU>
        </M_AttributeValue>
        <M_AttributeValue type="table">
            <AD_Client_ID>0</AD_Client_ID>
            <AD_Org_ID>0</AD_Org_ID>
            <Value>WC</Value>
            <Description/>
            <M_Attribute_ID reference="uuid" reference-key="M_Attribute">146ae53b-7609-4677-9953-fe3a6f84ccb9</M_Attribute_ID>
            <IsActive>Y</IsActive>
            <Name>Waiting Confirmation</Name>
            <M_AttributeValue_UU>96c49665-d81d-4a9e-83b7-475f51905877</M_AttributeValue_UU>
        </M_AttributeValue>
        <M_AttributeValue type="table">
            <AD_Client_ID>0</AD_Client_ID>
            <AD_Org_ID>0</AD_Org_ID>
            <Value>WP</Value>
            <Description/>
            <M_Attribute_ID reference="uuid" reference-key="M_Attribute">146ae53b-7609-4677-9953-fe3a6f84ccb9</M_Attribute_ID>
            <IsActive>Y</IsActive>
            <Name>Waiting Payment</Name>
            <M_AttributeValue_UU>4c64dec6-c072-4c88-9c64-3df7a6e0ab02</M_AttributeValue_UU>
        </M_AttributeValue>
    </M_Attribute>
	<M_AttributeSet type="table">
        <AD_Client_ID>0</AD_Client_ID>
        <AD_Org_ID>0</AD_Org_ID>
        <M_SerNoCtl_ID reference="id"/>
        <IsActive>Y</IsActive>
        <IsGuaranteeDate>N</IsGuaranteeDate>
        <IsSerNo>N</IsSerNo>
        <Name>Archive Document</Name>
        <M_LotCtl_ID reference="id"/>
        <Description/>
        <IsLot>N</IsLot>
        <GuaranteeDays>0</GuaranteeDays>
        <IsInstanceAttribute>N</IsInstanceAttribute>
        <IsLotMandatory>N</IsLotMandatory>
        <IsSerNoMandatory>N</IsSerNoMandatory>
        <IsGuaranteeDateMandatory>N</IsGuaranteeDateMandatory>
        <MandatoryType>N</MandatoryType>
        <SerNoCharSOverwrite/>
        <SerNoCharEOverwrite/>
        <LotCharSOverwrite/>
        <LotCharEOverwrite/>
        <M_AttributeSet_UU>c2c43b9f-6f86-4277-8583-2e6391605d5a</M_AttributeSet_UU>
        <UseGuaranteeDateForMPolicy>N</UseGuaranteeDateForMPolicy>
        <M_AttributeSet_Type>D</M_AttributeSet_Type>
        <IsAutoGenerateLot>N</IsAutoGenerateLot>
        <M_AttributeUse type="table">
            <AD_Client_ID>0</AD_Client_ID>
            <AD_Org_ID>0</AD_Org_ID>
            <IsActive>Y</IsActive>
            <M_Attribute_ID reference="uuid" reference-key="M_Attribute">3c4ebe28-b5b0-48d7-80d5-ff4898e267b9</M_Attribute_ID>
            <M_AttributeSet_ID reference="uuid" reference-key="M_AttributeSet">c2c43b9f-6f86-4277-8583-2e6391605d5a</M_AttributeSet_ID>
            <SeqNo>10</SeqNo>
            <M_AttributeUse_UU>1c95962c-ca38-4d01-9d7b-d42e68f20c9b</M_AttributeUse_UU>
        </M_AttributeUse>
        <M_AttributeUse type="table">
            <AD_Client_ID>0</AD_Client_ID>
            <AD_Org_ID>0</AD_Org_ID>
            <IsActive>Y</IsActive>
            <M_Attribute_ID reference="uuid" reference-key="M_Attribute">146ae53b-7609-4677-9953-fe3a6f84ccb9</M_Attribute_ID>
            <M_AttributeSet_ID reference="uuid" reference-key="M_AttributeSet">c2c43b9f-6f86-4277-8583-2e6391605d5a</M_AttributeSet_ID>
            <SeqNo>20</SeqNo>
            <M_AttributeUse_UU>3715b059-3d02-416f-b75d-1a2e12d85712</M_AttributeUse_UU>
        </M_AttributeUse>
        <M_AttributeUse type="table">
            <AD_Client_ID>0</AD_Client_ID>
            <AD_Org_ID>0</AD_Org_ID>
            <IsActive>Y</IsActive>
            <M_Attribute_ID reference="uuid" reference-key="M_Attribute">4c589c86-eb68-4500-9ef9-f992e8dc84d8</M_Attribute_ID>
            <M_AttributeSet_ID reference="uuid" reference-key="M_AttributeSet">c2c43b9f-6f86-4277-8583-2e6391605d5a</M_AttributeSet_ID>
            <SeqNo>30</SeqNo>
            <M_AttributeUse_UU>260cd928-52da-4812-b60a-b835a3ab85a1</M_AttributeUse_UU>
        </M_AttributeUse>
        <M_AttributeUse type="table">
            <AD_Client_ID>0</AD_Client_ID>
            <AD_Org_ID>0</AD_Org_ID>
            <IsActive>Y</IsActive>
            <M_Attribute_ID reference="uuid" reference-key="M_Attribute">b6d7d528-6646-42d4-a586-70ecbb8a52d8</M_Attribute_ID>
            <M_AttributeSet_ID reference="uuid" reference-key="M_AttributeSet">c2c43b9f-6f86-4277-8583-2e6391605d5a</M_AttributeSet_ID>
            <SeqNo>40</SeqNo>
            <M_AttributeUse_UU>8b3b7e14-73d8-4c50-b877-25a9fede5b10</M_AttributeUse_UU>
        </M_AttributeUse>
        <M_AttributeUse type="table">
            <AD_Client_ID>0</AD_Client_ID>
            <AD_Org_ID>0</AD_Org_ID>
            <IsActive>Y</IsActive>
            <M_Attribute_ID reference="uuid" reference-key="M_Attribute">4c1c2f2c-546d-456d-a5cc-8ba3199133d3</M_Attribute_ID>
            <M_AttributeSet_ID reference="uuid" reference-key="M_AttributeSet">c2c43b9f-6f86-4277-8583-2e6391605d5a</M_AttributeSet_ID>
            <SeqNo>50</SeqNo>
            <M_AttributeUse_UU>de580d86-14c2-4c00-a491-af1082d33ff5</M_AttributeUse_UU>
        </M_AttributeUse>
    </M_AttributeSet>
</idempiere>
