<?xml version="1.0" encoding="UTF-8"?><idempiere Name="Archive DMS" Version="1.0.1" idempiereVersion="" DataBaseVersion="" Description="" Author="" AuthorEmail="" CreatedDate="2018-12-06 18:32:04.799" UpdatedDate="2018-12-06 18:32:10.571" PackOutVersion="100" UpdateDictionary="false" Client="0-SYSTEM-System" AD_Client_UU="11237b53-9592-4af1-b3c5-afd216514b5d">
	<AD_Ref_List type="table">
        <AD_Client_ID>0</AD_Client_ID>
        <AD_Org_ID>0</AD_Org_ID>
        <Name>DMS</Name>
        <Description/>
        <AD_Reference_ID reference="id">200019</AD_Reference_ID>
        <ValidFrom/>
        <ValidTo/>
        <Value>DMS</Value>
        <IsActive>Y</IsActive>
        <EntityType>U</EntityType>
        <AD_Ref_List_UU>f1ff1e6e-f885-4557-bdce-039c35eee630</AD_Ref_List_UU>
    </AD_Ref_List>
</idempiere>
