<?xml version="1.0" encoding="UTF-8"?><idempiere Name="DMSConvertRelationalToRelationalUUID" Version="1.0.0" idempiereVersion="" DataBaseVersion="" Description="" Author="" AuthorEmail="" CreatedDate="2022-07-12 14:20:08.416" UpdatedDate="2022-07-14 18:01:27.775" PackOutVersion="100" UpdateDictionary="true" Client="0-SYSTEM-System" AD_Client_UU="11237b53-9592-4af1-b3c5-afd216514b5d">
    <AD_Process type="table">
        <AD_Client_ID>0</AD_Client_ID>
        <AD_Org_ID>0</AD_Org_ID>
        <IsActive>Y</IsActive>
        <Name>DMS Convert Relational to Relational UUID Structure</Name>
        <Description>Process for converting existing DMS contents relational model to relational UUID based model</Description>
        <Help>Restricted process :  
--- Be careful while using this process. 
--- This process needs to perform stepwise, each step performs individually.

-----&gt;  It will export all the listed DMS versions old URL with new URL based on UUID structure, so the admin person can execute exported files directly to the terminal where DMS Physical content exists. The main purpose is to achieve more security of the file content.
-----&gt;  Modify the correct ParentURL for the content
-----&gt;  This process changes the content manager type to 'Relational UUID' in the client info window.</Help>
        <ProcedureName/>
        <IsReport>N</IsReport>
        <Value>DMSConvertRelationalToRelationalUUID</Value>
        <IsDirectPrint>N</IsDirectPrint>
        <AD_ReportView_ID reference="id"/>
        <Classname>com.logilite.dms.uuid.process.ConvertRelationalToRelationalUUID</Classname>
        <AccessLevel>2</AccessLevel>
        <EntityType>DMS</EntityType>
        <Statistic_Count>87</Statistic_Count>
        <Statistic_Seconds>2875</Statistic_Seconds>
        <AD_PrintFormat_ID reference="id"/>
        <WorkflowValue/>
        <AD_Workflow_ID reference="id"/>
        <IsBetaFunctionality>N</IsBetaFunctionality>
        <IsServerProcess>N</IsServerProcess>
        <ShowHelp>Y</ShowHelp>
        <JasperReport/>
        <AD_Form_ID reference="id"/>
        <CopyFromProcess>N</CopyFromProcess>
        <AD_Process_UU>d03a1f45-5354-4d9a-87f7-8f64b9c80a90</AD_Process_UU>
        <AD_CtxHelp_ID reference="id"/>
        <ExecutionType/>
        <AllowMultipleExecution>N</AllowMultipleExecution>
        <AD_Process_Trl type="translation">
            <Description>Process for converting existing DMS contents relational model to relational UUID based model</Description>
            <Help>Process for converting existing DMS contents relational model to relational UUID based model</Help>
            <Name>DMS Convert Relational to Relational UUID Structure</Name>
            <AD_Language>es_CO</AD_Language>
            <IsActive>Y</IsActive>
            <IsTranslated>N</IsTranslated>
        </AD_Process_Trl>
        <AD_Process_Para type="table">
            <AD_Client_ID>0</AD_Client_ID>
            <AD_Org_ID>0</AD_Org_ID>
            <IsActive>Y</IsActive>
            <Name>Step 1</Name>
            <Description/>
            <Help/>
            <AD_Process_ID reference="uuid" reference-key="AD_Process">d03a1f45-5354-4d9a-87f7-8f64b9c80a90</AD_Process_ID>
            <SeqNo>10</SeqNo>
            <AD_Reference_ID reference="id">10</AD_Reference_ID>
            <AD_Reference_Value_ID reference="id"/>
            <IsRange>N</IsRange>
            <AD_Val_Rule_ID reference="id"/>
            <FieldLength>100</FieldLength>
            <IsMandatory>N</IsMandatory>
            <DefaultValue>Export file for manually user operation to do in system</DefaultValue>
            <VFormat/>
            <ValueMin/>
            <ValueMax/>
            <ColumnName>Step1</ColumnName>
            <DefaultValue2/>
            <IsCentrallyMaintained>N</IsCentrallyMaintained>
            <EntityType>DMS</EntityType>
            <AD_Element_ID reference="id"/>
            <ReadOnlyLogic>1=1</ReadOnlyLogic>
            <DisplayLogic/>
            <AD_Process_Para_UU>ffd0601a-be8a-4ae5-a7f7-677576bcb40d</AD_Process_Para_UU>
            <IsEncrypted>N</IsEncrypted>
            <MandatoryLogic/>
            <Placeholder/>
            <Placeholder2/>
            <AD_Process_Para_Trl type="translation">
                <Description/>
                <Help/>
                <Name>Step 1</Name>
                <Placeholder/>
                <Placeholder2/>
                <AD_Language>es_CO</AD_Language>
                <IsActive>Y</IsActive>
                <IsTranslated>N</IsTranslated>
            </AD_Process_Para_Trl>
        </AD_Process_Para>
        <AD_Process_Para type="table">
            <AD_Client_ID>0</AD_Client_ID>
            <AD_Org_ID>0</AD_Org_ID>
            <IsActive>Y</IsActive>
            <Name>Do you want to Export command file</Name>
            <Description>Want to export a command file that renames the existing DMS content from the old path to the new UUID-based path. And need to execute command manually in the system.</Description>
            <Help/>
            <AD_Process_ID reference="uuid" reference-key="AD_Process">d03a1f45-5354-4d9a-87f7-8f64b9c80a90</AD_Process_ID>
            <SeqNo>20</SeqNo>
            <AD_Reference_ID reference="id">20</AD_Reference_ID>
            <AD_Reference_Value_ID reference="id"/>
            <IsRange>N</IsRange>
            <AD_Val_Rule_ID reference="id"/>
            <FieldLength>1</FieldLength>
            <IsMandatory>Y</IsMandatory>
            <DefaultValue>Y</DefaultValue>
            <VFormat/>
            <ValueMin/>
            <ValueMax/>
            <ColumnName>ExportCmdFileForChangeToUUID</ColumnName>
            <DefaultValue2/>
            <IsCentrallyMaintained>N</IsCentrallyMaintained>
            <EntityType>DMS</EntityType>
            <AD_Element_ID reference="id"/>
            <ReadOnlyLogic/>
            <DisplayLogic/>
            <AD_Process_Para_UU>6d8dccc4-281d-4c5a-8d1c-24c8cd59a79e</AD_Process_Para_UU>
            <IsEncrypted>N</IsEncrypted>
            <MandatoryLogic/>
            <Placeholder/>
            <Placeholder2/>
            <AD_Process_Para_Trl type="translation">
                <Description/>
                <Help/>
                <Name>Export command file for change to UUID</Name>
                <Placeholder/>
                <Placeholder2/>
                <AD_Language>es_CO</AD_Language>
                <IsActive>Y</IsActive>
                <IsTranslated>N</IsTranslated>
            </AD_Process_Para_Trl>
        </AD_Process_Para>
        <AD_Process_Para type="table">
            <AD_Client_ID>0</AD_Client_ID>
            <AD_Org_ID>0</AD_Org_ID>
            <IsActive>Y</IsActive>
            <Name>No of records export per file</Name>
            <Description>A number of records or command lines to export in a single file. If records are more than a new file will create accordingly.</Description>
            <Help/>
            <AD_Process_ID reference="uuid" reference-key="AD_Process">d03a1f45-5354-4d9a-87f7-8f64b9c80a90</AD_Process_ID>
            <SeqNo>40</SeqNo>
            <AD_Reference_ID reference="id">22</AD_Reference_ID>
            <AD_Reference_Value_ID reference="id"/>
            <IsRange>N</IsRange>
            <AD_Val_Rule_ID reference="id"/>
            <FieldLength>10</FieldLength>
            <IsMandatory>Y</IsMandatory>
            <DefaultValue>1000000</DefaultValue>
            <VFormat/>
            <ValueMin/>
            <ValueMax/>
            <ColumnName>NoOfRecordsExportPerFile</ColumnName>
            <DefaultValue2/>
            <IsCentrallyMaintained>N</IsCentrallyMaintained>
            <EntityType>DMS</EntityType>
            <AD_Element_ID reference="id"/>
            <ReadOnlyLogic/>
            <DisplayLogic>@ExportCmdFileForChangeToUUID@ = 'Y'</DisplayLogic>
            <AD_Process_Para_UU>bc23a23b-6c41-4511-b246-2747509a7f55</AD_Process_Para_UU>
            <IsEncrypted>N</IsEncrypted>
            <MandatoryLogic/>
            <Placeholder/>
            <Placeholder2/>
            <AD_Process_Para_Trl type="translation">
                <Description/>
                <Help/>
                <Name>NoOfRecordsToCreateFile</Name>
                <Placeholder/>
                <Placeholder2/>
                <AD_Language>es_CO</AD_Language>
                <IsActive>Y</IsActive>
                <IsTranslated>N</IsTranslated>
            </AD_Process_Para_Trl>
        </AD_Process_Para>
        <AD_Process_Para type="table">
            <AD_Client_ID>0</AD_Client_ID>
            <AD_Org_ID>0</AD_Org_ID>
            <IsActive>Y</IsActive>
            <Name>Step 2</Name>
            <Description/>
            <Help/>
            <AD_Process_ID reference="uuid" reference-key="AD_Process">d03a1f45-5354-4d9a-87f7-8f64b9c80a90</AD_Process_ID>
            <SeqNo>50</SeqNo>
            <AD_Reference_ID reference="id">10</AD_Reference_ID>
            <AD_Reference_Value_ID reference="id"/>
            <IsRange>N</IsRange>
            <AD_Val_Rule_ID reference="id"/>
            <FieldLength>100</FieldLength>
            <IsMandatory>N</IsMandatory>
            <DefaultValue>Process of updating content parent URL by SQL</DefaultValue>
            <VFormat/>
            <ValueMin/>
            <ValueMax/>
            <ColumnName>Step2</ColumnName>
            <DefaultValue2/>
            <IsCentrallyMaintained>N</IsCentrallyMaintained>
            <EntityType>DMS</EntityType>
            <AD_Element_ID reference="id"/>
            <ReadOnlyLogic>1=1</ReadOnlyLogic>
            <DisplayLogic/>
            <AD_Process_Para_UU>4a7bc6bd-5be9-46be-b08a-14bce650496f</AD_Process_Para_UU>
            <IsEncrypted>N</IsEncrypted>
            <MandatoryLogic/>
            <Placeholder/>
            <Placeholder2/>
            <AD_Process_Para_Trl type="translation">
                <Description/>
                <Help/>
                <Name>Step 2</Name>
                <Placeholder/>
                <Placeholder2/>
                <AD_Language>es_CO</AD_Language>
                <IsActive>Y</IsActive>
                <IsTranslated>N</IsTranslated>
            </AD_Process_Para_Trl>
        </AD_Process_Para>
        <AD_Process_Para type="table">
            <AD_Client_ID>0</AD_Client_ID>
            <AD_Org_ID>0</AD_Org_ID>
            <IsActive>Y</IsActive>
            <Name>Export with base/root directory path of the system</Name>
            <Description>Export data if this flag is TRUE then it will export the whole storage provider system path + DMS content path. If FALSE then only export with DMS Content Path from the mounting base path. </Description>
            <Help/>
            <AD_Process_ID reference="uuid" reference-key="AD_Process">d03a1f45-5354-4d9a-87f7-8f64b9c80a90</AD_Process_ID>
            <SeqNo>30</SeqNo>
            <AD_Reference_ID reference="id">20</AD_Reference_ID>
            <AD_Reference_Value_ID reference="id"/>
            <IsRange>N</IsRange>
            <AD_Val_Rule_ID reference="id"/>
            <FieldLength>1</FieldLength>
            <IsMandatory>Y</IsMandatory>
            <DefaultValue>Y</DefaultValue>
            <VFormat/>
            <ValueMin/>
            <ValueMax/>
            <ColumnName>ExportWithBaseDirPath</ColumnName>
            <DefaultValue2/>
            <IsCentrallyMaintained>N</IsCentrallyMaintained>
            <EntityType>DMS</EntityType>
            <AD_Element_ID reference="id"/>
            <ReadOnlyLogic/>
            <DisplayLogic>@ExportCmdFileForChangeToUUID@ = 'Y'</DisplayLogic>
            <AD_Process_Para_UU>4ca6f109-1343-4bb5-b2d9-d291a07aabaf</AD_Process_Para_UU>
            <IsEncrypted>N</IsEncrypted>
            <MandatoryLogic/>
            <Placeholder/>
            <Placeholder2/>
            <AD_Process_Para_Trl type="translation">
                <Description/>
                <Help/>
                <Name>ExportWithBaseDirPath</Name>
                <Placeholder/>
                <Placeholder2/>
                <AD_Language>es_CO</AD_Language>
                <IsActive>Y</IsActive>
                <IsTranslated>N</IsTranslated>
            </AD_Process_Para_Trl>
        </AD_Process_Para>
        <AD_Process_Para type="table">
            <AD_Client_ID>0</AD_Client_ID>
            <AD_Org_ID>0</AD_Org_ID>
            <IsActive>Y</IsActive>
            <Name>Step 3</Name>
            <Description/>
            <Help/>
            <AD_Process_ID reference="uuid" reference-key="AD_Process">d03a1f45-5354-4d9a-87f7-8f64b9c80a90</AD_Process_ID>
            <SeqNo>70</SeqNo>
            <AD_Reference_ID reference="id">14</AD_Reference_ID>
            <AD_Reference_Value_ID reference="id"/>
            <IsRange>N</IsRange>
            <AD_Val_Rule_ID reference="id"/>
            <FieldLength>100</FieldLength>
            <IsMandatory>N</IsMandatory>
            <DefaultValue>Config Content Manager Type and do Cache reset</DefaultValue>
            <VFormat/>
            <ValueMin/>
            <ValueMax/>
            <ColumnName>Step3</ColumnName>
            <DefaultValue2/>
            <IsCentrallyMaintained>N</IsCentrallyMaintained>
            <EntityType>DMS</EntityType>
            <AD_Element_ID reference="id"/>
            <ReadOnlyLogic>1=1</ReadOnlyLogic>
            <DisplayLogic/>
            <AD_Process_Para_UU>13765a3d-acc3-46ca-aa46-c89716268f4e</AD_Process_Para_UU>
            <IsEncrypted>N</IsEncrypted>
            <MandatoryLogic/>
            <Placeholder/>
            <Placeholder2/>
            <AD_Process_Para_Trl type="translation">
                <Description/>
                <Help/>
                <Name>Step 3</Name>
                <Placeholder/>
                <Placeholder2/>
                <AD_Language>es_CO</AD_Language>
                <IsActive>Y</IsActive>
                <IsTranslated>N</IsTranslated>
            </AD_Process_Para_Trl>
        </AD_Process_Para>
        <AD_Process_Para type="table">
            <AD_Client_ID>0</AD_Client_ID>
            <AD_Org_ID>0</AD_Org_ID>
            <IsActive>Y</IsActive>
            <Name>Update the ParentURL in Content based on UUID structure</Name>
            <Description>Modify in Content-ParentURL field value as per UUID based structure once physical storage data modified with UU. </Description>
            <Help/>
            <AD_Process_ID reference="uuid" reference-key="AD_Process">d03a1f45-5354-4d9a-87f7-8f64b9c80a90</AD_Process_ID>
            <SeqNo>60</SeqNo>
            <AD_Reference_ID reference="id">20</AD_Reference_ID>
            <AD_Reference_Value_ID reference="id"/>
            <IsRange>N</IsRange>
            <AD_Val_Rule_ID reference="id"/>
            <FieldLength>1</FieldLength>
            <IsMandatory>Y</IsMandatory>
            <DefaultValue>N</DefaultValue>
            <VFormat/>
            <ValueMin/>
            <ValueMax/>
            <ColumnName>IsModifyContentParentURL</ColumnName>
            <DefaultValue2/>
            <IsCentrallyMaintained>N</IsCentrallyMaintained>
            <EntityType>DMS</EntityType>
            <AD_Element_ID reference="id"/>
            <ReadOnlyLogic>@ExportCmdFileForChangeToUUID@ = 'Y'</ReadOnlyLogic>
            <DisplayLogic/>
            <AD_Process_Para_UU>e4632791-2abd-462b-afe3-3e5f54698921</AD_Process_Para_UU>
            <IsEncrypted>N</IsEncrypted>
            <MandatoryLogic/>
            <Placeholder/>
            <Placeholder2/>
            <AD_Process_Para_Trl type="translation">
                <Description>Modify in Content-ParentURL field value as per UUID based structure once physical storage data modified with UU. </Description>
                <Help/>
                <Name>Update the ParentURL in Content based on UUID structure</Name>
                <Placeholder/>
                <Placeholder2/>
                <AD_Language>es_CO</AD_Language>
                <IsActive>Y</IsActive>
                <IsTranslated>N</IsTranslated>
            </AD_Process_Para_Trl>
        </AD_Process_Para>
        <AD_Process_Para type="table">
            <AD_Client_ID>0</AD_Client_ID>
            <AD_Org_ID>0</AD_Org_ID>
            <IsActive>Y</IsActive>
            <Name>Client Info configure Content Type as Relational UUID</Name>
            <Description>In Client_Info &gt; DMS Content Manager Type set as Relational UUID and do cache reset once this is done.</Description>
            <Help>In Client_Info &gt; DMS Content Manager Type set as Relational UUID and do cache reset once this is done.</Help>
            <AD_Process_ID reference="uuid" reference-key="AD_Process">d03a1f45-5354-4d9a-87f7-8f64b9c80a90</AD_Process_ID>
            <SeqNo>80</SeqNo>
            <AD_Reference_ID reference="id">20</AD_Reference_ID>
            <AD_Reference_Value_ID reference="id"/>
            <IsRange>N</IsRange>
            <AD_Val_Rule_ID reference="id"/>
            <FieldLength>1</FieldLength>
            <IsMandatory>Y</IsMandatory>
            <DefaultValue>N</DefaultValue>
            <VFormat/>
            <ValueMin/>
            <ValueMax/>
            <ColumnName>ClientInfoSetContentTypeToUUID</ColumnName>
            <DefaultValue2/>
            <IsCentrallyMaintained>N</IsCentrallyMaintained>
            <EntityType>DMS</EntityType>
            <AD_Element_ID reference="id"/>
            <ReadOnlyLogic>@ExportCmdFileForChangeToUUID@ = 'Y'</ReadOnlyLogic>
            <DisplayLogic/>
            <AD_Process_Para_UU>d37fe124-d91b-47d8-a9bb-02f52bd2484e</AD_Process_Para_UU>
            <IsEncrypted>N</IsEncrypted>
            <MandatoryLogic/>
            <Placeholder/>
            <Placeholder2/>
            <AD_Process_Para_Trl type="translation">
                <Description/>
                <Help/>
                <Name>Client Info configure Content Type as Relational UUID</Name>
                <Placeholder/>
                <Placeholder2/>
                <AD_Language>es_CO</AD_Language>
                <IsActive>Y</IsActive>
                <IsTranslated>N</IsTranslated>
            </AD_Process_Para_Trl>
        </AD_Process_Para>
    </AD_Process>
</idempiere>
