<?xml version="1.0" encoding="UTF-8"?><idempiere Name="Create_Msg_Of_DMS" Version="1.0.0" idempiereVersion="" DataBaseVersion="" Description="" Author="" AuthorEmail="" CreatedDate="2023-05-09 18:42:53.664" UpdatedDate="2023-05-09 18:54:27.082" PackOutVersion="100" UpdateDictionary="true" Client="0-SYSTEM-System" AD_Client_UU="11237b53-9592-4af1-b3c5-afd216514b5d">
    <AD_Message type="table">
        <AD_Client_ID>0</AD_Client_ID>
        <AD_Org_ID>0</AD_Org_ID>
        <MsgType>I</MsgType>
        <MsgText>Content Type</MsgText>
        <MsgTip/>
        <IsActive>Y</IsActive>
        <Value>Content Type</Value>
        <EntityType>DMS</EntityType>
        <AD_Message_UU>07f3caaa-8261-4916-82d5-d694861deaa5</AD_Message_UU>
        <AD_Message_Trl type="translation">
            <MsgText>Content Type</MsgText>
            <MsgTip/>
            <AD_Language>es_CO</AD_Language>
            <IsActive>Y</IsActive>
            <IsTranslated>N</IsTranslated>
        </AD_Message_Trl>
    </AD_Message>
    <AD_Message type="table">
        <AD_Client_ID>0</AD_Client_ID>
        <AD_Org_ID>0</AD_Org_ID>
        <MsgType>I</MsgType>
        <MsgText>Content Meta</MsgText>
        <MsgTip/>
        <IsActive>Y</IsActive>
        <Value>Content Meta</Value>
        <EntityType>DMS</EntityType>
        <AD_Message_UU>b9e80485-9dfd-4a72-9f05-9f1ae4b709d0</AD_Message_UU>
        <AD_Message_Trl type="translation">
            <MsgText>Content Meta</MsgText>
            <MsgTip/>
            <AD_Language>es_CO</AD_Language>
            <IsActive>Y</IsActive>
            <IsTranslated>N</IsTranslated>
        </AD_Message_Trl>
    </AD_Message>
    <AD_Message type="table">
        <AD_Client_ID>0</AD_Client_ID>
        <AD_Org_ID>0</AD_Org_ID>
        <MsgType>I</MsgType>
        <MsgText>Advance Search</MsgText>
        <MsgTip/>
        <IsActive>Y</IsActive>
        <Value>Advance Search</Value>
        <EntityType>DMS</EntityType>
        <AD_Message_UU>90f634bb-59ca-4751-b587-f7218d0fe2a8</AD_Message_UU>
        <AD_Message_Trl type="translation">
            <MsgText>Advance Search</MsgText>
            <MsgTip/>
            <AD_Language>es_CO</AD_Language>
            <IsActive>Y</IsActive>
            <IsTranslated>N</IsTranslated>
        </AD_Message_Trl>
    </AD_Message>
    <AD_Message type="table">
        <AD_Client_ID>0</AD_Client_ID>
        <AD_Org_ID>0</AD_Org_ID>
        <MsgType>I</MsgType>
        <MsgText>Directory Name</MsgText>
        <MsgTip/>
        <IsActive>Y</IsActive>
        <Value>Directory Name</Value>
        <EntityType>DMS</EntityType>
        <AD_Message_UU>50e679d0-3226-4a5e-9639-ae639ad07620</AD_Message_UU>
        <AD_Message_Trl type="translation">
            <MsgText>Directory Name</MsgText>
            <MsgTip/>
            <AD_Language>es_CO</AD_Language>
            <IsActive>Y</IsActive>
            <IsTranslated>N</IsTranslated>
        </AD_Message_Trl>
    </AD_Message>
    <AD_Message type="table">
        <AD_Client_ID>0</AD_Client_ID>
        <AD_Org_ID>0</AD_Org_ID>
        <MsgType>I</MsgType>
        <MsgText>Rename</MsgText>
        <MsgTip/>
        <IsActive>Y</IsActive>
        <Value>Rename</Value>
        <EntityType>DMS</EntityType>
        <AD_Message_UU>90562229-3bd2-44c0-9582-45772d63d601</AD_Message_UU>
        <AD_Message_Trl type="translation">
            <MsgText>Rename</MsgText>
            <MsgTip/>
            <AD_Language>es_CO</AD_Language>
            <IsActive>Y</IsActive>
            <IsTranslated>N</IsTranslated>
        </AD_Message_Trl>
    </AD_Message>
    <AD_Message type="table">
        <AD_Client_ID>0</AD_Client_ID>
        <AD_Org_ID>0</AD_Org_ID>
        <MsgType>I</MsgType>
        <MsgText>Explorer</MsgText>
        <MsgTip/>
        <IsActive>Y</IsActive>
        <Value>Explorer</Value>
        <EntityType>DMS</EntityType>
        <AD_Message_UU>9499f2d2-356f-4977-94f8-fdf1298411e4</AD_Message_UU>
        <AD_Message_Trl type="translation">
            <MsgText>Explorer</MsgText>
            <MsgTip/>
            <AD_Language>es_CO</AD_Language>
            <IsActive>Y</IsActive>
            <IsTranslated>N</IsTranslated>
        </AD_Message_Trl>
    </AD_Message>
    <AD_Message type="table">
        <AD_Client_ID>0</AD_Client_ID>
        <AD_Org_ID>0</AD_Org_ID>
        <MsgType>I</MsgType>
        <MsgText>Attributes</MsgText>
        <MsgTip/>
        <IsActive>Y</IsActive>
        <Value>Attributes</Value>
        <EntityType>DMS</EntityType>
        <AD_Message_UU>7e40ba2a-a5ac-4ebf-a1ae-c8dc4ce41f39</AD_Message_UU>
        <AD_Message_Trl type="translation">
            <MsgText>Attributes</MsgText>
            <MsgTip/>
            <AD_Language>es_CO</AD_Language>
            <IsActive>Y</IsActive>
            <IsTranslated>N</IsTranslated>
        </AD_Message_Trl>
    </AD_Message>
    <AD_Message type="table">
        <AD_Client_ID>0</AD_Client_ID>
        <AD_Org_ID>0</AD_Org_ID>
        <MsgType>I</MsgType>
        <MsgText>Will you grant same permission for the child content documents?</MsgText>
        <MsgTip/>
        <IsActive>Y</IsActive>
        <Value>GrantPermissionToChildContent?</Value>
        <EntityType>DMS</EntityType>
        <AD_Message_UU>57c172f5-635a-4f40-b0f3-31f5966e6a10</AD_Message_UU>
        <AD_Message_Trl type="translation">
            <MsgText>Will you grant same permission for the child content documents?</MsgText>
            <MsgTip/>
            <AD_Language>es_CO</AD_Language>
            <IsActive>Y</IsActive>
            <IsTranslated>N</IsTranslated>
        </AD_Message_Trl>
    </AD_Message>
    <AD_Message type="table">
        <AD_Client_ID>0</AD_Client_ID>
        <AD_Org_ID>0</AD_Org_ID>
        <MsgType>I</MsgType>
        <MsgText>Will you grant same permission of the Parent Content to paste content documents?</MsgText>
        <MsgTip/>
        <IsActive>Y</IsActive>
        <Value>GrantPermissionToPasteContent?</Value>
        <EntityType>DMS</EntityType>
        <AD_Message_UU>d15a6b73-4842-417f-8ab0-4a06613b396a</AD_Message_UU>
        <AD_Message_Trl type="translation">
            <MsgText>Will you grant same permission of the Parent Content to paste content documents?</MsgText>
            <MsgTip/>
            <AD_Language>es_CO</AD_Language>
            <IsActive>Y</IsActive>
            <IsTranslated>N</IsTranslated>
        </AD_Message_Trl>
    </AD_Message>
    <AD_Message type="table">
        <AD_Client_ID>0</AD_Client_ID>
        <AD_Org_ID>0</AD_Org_ID>
        <MsgType>E</MsgType>
        <MsgText>Content Not Found in the Storage</MsgText>
        <MsgTip/>
        <IsActive>Y</IsActive>
        <Value>ContentNotFoundInStorage</Value>
        <EntityType>DMS</EntityType>
        <AD_Message_UU>85993a57-3770-4aa2-8c8f-85eb200c8e69</AD_Message_UU>
        <AD_Message_Trl type="translation">
            <MsgText>Content missing in storage</MsgText>
            <MsgTip/>
            <AD_Language>es_CO</AD_Language>
            <IsActive>Y</IsActive>
            <IsTranslated>N</IsTranslated>
        </AD_Message_Trl>
    </AD_Message>
    <AD_Message type="table">
        <AD_Client_ID>0</AD_Client_ID>
        <AD_Org_ID>0</AD_Org_ID>
        <MsgType>I</MsgType>
        <MsgText>Document already exists at same position.</MsgText>
        <MsgTip/>
        <IsActive>Y</IsActive>
        <Value>DocumentExistIntheSamePosition</Value>
        <EntityType>DMS</EntityType>
        <AD_Message_UU>e46e334b-2a16-423a-bb69-74eb78b734bf</AD_Message_UU>
        <AD_Message_Trl type="translation">
            <MsgText>Document already exists at same position.</MsgText>
            <MsgTip/>
            <AD_Language>es_CO</AD_Language>
            <IsActive>Y</IsActive>
            <IsTranslated>N</IsTranslated>
        </AD_Message_Trl>
    </AD_Message>
    <AD_Message type="table">
        <AD_Client_ID>0</AD_Client_ID>
        <AD_Org_ID>0</AD_Org_ID>
        <MsgType>I</MsgType>
        <MsgText>Are you sure to delete {0} ?</MsgText>
        <MsgTip/>
        <IsActive>Y</IsActive>
        <Value>DeleteContent?</Value>
        <EntityType>DMS</EntityType>
        <AD_Message_UU>0895d6b9-529d-4c67-8e09-de14996698ed</AD_Message_UU>
        <AD_Message_Trl type="translation">
            <MsgText>Do you want to Delete ?</MsgText>
            <MsgTip/>
            <AD_Language>es_CO</AD_Language>
            <IsActive>Y</IsActive>
            <IsTranslated>N</IsTranslated>
        </AD_Message_Trl>
    </AD_Message>
    <AD_Message type="table">
        <AD_Client_ID>0</AD_Client_ID>
        <AD_Org_ID>0</AD_Org_ID>
        <MsgType>I</MsgType>
        <MsgText>Are you want to delete actual docs and associated its linkable documents ?</MsgText>
        <MsgTip/>
        <IsActive>Y</IsActive>
        <Value>DeleteAssociatedLinkableDocuments?</Value>
        <EntityType>DMS</EntityType>
        <AD_Message_UU>e5ddf869-633e-4689-ad1a-c16bf8c6fb54</AD_Message_UU>
        <AD_Message_Trl type="translation">
            <MsgText>Are you want to delete actual docs and associated its linkable documents ?</MsgText>
            <MsgTip/>
            <AD_Language>es_CO</AD_Language>
            <IsActive>Y</IsActive>
            <IsTranslated>N</IsTranslated>
        </AD_Message_Trl>
    </AD_Message>
    <AD_Message type="table">
        <AD_Client_ID>0</AD_Client_ID>
        <AD_Org_ID>0</AD_Org_ID>
        <MsgType>I</MsgType>
        <MsgText>Are you want to Un delete actual docs and associated its linkable documents ?</MsgText>
        <MsgTip/>
        <IsActive>Y</IsActive>
        <Value>Un-DeleteAssociatedLinkableDocuments?</Value>
        <EntityType>DMS</EntityType>
        <AD_Message_UU>f63645ef-2f51-4ed0-9ae7-3a05cf6fa898</AD_Message_UU>
        <AD_Message_Trl type="translation">
            <MsgText>Are you want to Un delete actual docs and associated its linkable documents ?</MsgText>
            <MsgTip/>
            <AD_Language>es_CO</AD_Language>
            <IsActive>Y</IsActive>
            <IsTranslated>N</IsTranslated>
        </AD_Message_Trl>
    </AD_Message>
    <AD_Message type="table">
        <AD_Client_ID>0</AD_Client_ID>
        <AD_Org_ID>0</AD_Org_ID>
        <MsgType>I</MsgType>
        <MsgText>Are you sure to Un-delete {0} ?</MsgText>
        <MsgTip/>
        <IsActive>Y</IsActive>
        <Value>Un-DeleteContent?</Value>
        <EntityType>DMS</EntityType>
        <AD_Message_UU>848c8804-b2ec-4a6a-a0cb-525acbc9be8f</AD_Message_UU>
        <AD_Message_Trl type="translation">
            <MsgText>Are you sure to un delete {0} ?</MsgText>
            <MsgTip/>
            <AD_Language>es_CO</AD_Language>
            <IsActive>Y</IsActive>
            <IsTranslated>N</IsTranslated>
        </AD_Message_Trl>
    </AD_Message>
    <AD_Message type="table">
        <AD_Client_ID>0</AD_Client_ID>
        <AD_Org_ID>0</AD_Org_ID>
        <MsgType>I</MsgType>
        <MsgText>You can't create link of parent content into itself or its children content</MsgText>
        <MsgTip/>
        <IsActive>Y</IsActive>
        <Value>Can'tCreateLinkOfParentContentInItself</Value>
        <EntityType>DMS</EntityType>
        <AD_Message_UU>7ac77163-c4e8-4653-aaa7-f780cb7bd707</AD_Message_UU>
        <AD_Message_Trl type="translation">
            <MsgText>You can't create link of parent content into itself or its children content</MsgText>
            <MsgTip/>
            <AD_Language>es_CO</AD_Language>
            <IsActive>Y</IsActive>
            <IsTranslated>N</IsTranslated>
        </AD_Message_Trl>
    </AD_Message>
</idempiere>
