<?xml version="1.0" encoding="UTF-8"?><idempiere Name="DMS_Table_Access_Change" Version="1.0.0" idempiereVersion="" DataBaseVersion="" Description="" Author="" AuthorEmail="" CreatedDate="2021-01-11 12:06:20.055" UpdatedDate="2021-01-11 12:06:30.403" PackOutVersion="100" UpdateDictionary="true" Client="0-SYSTEM-System" AD_Client_UU="11237b53-9592-4af1-b3c5-afd216514b5d">
    <AD_Table type="table">
        <AD_Client_ID>0</AD_Client_ID>
        <AD_Org_ID>0</AD_Org_ID>
        <Name>DMS Content Type</Name>
        <Description>DMS Content Type of document like pdf, MS Word, Excel etc.</Description>
        <Help>DMS Content Type classifies documents like Vendor Invoice, Customer invoice, Quality Assurance Manual etc. User definable content type, based on implementation requirements.</Help>
        <AD_Window_ID reference="uuid" reference-key="AD_Window">eedafd82-a193-48ad-b42a-a1da9bbcce4b</AD_Window_ID>
        <AD_Val_Rule_ID reference="id"/>
        <TableName>DMS_ContentType</TableName>
        <LoadSeq>145</LoadSeq>
        <AccessLevel>6</AccessLevel>
        <IsActive>Y</IsActive>
        <IsSecurityEnabled>N</IsSecurityEnabled>
        <IsDeleteable>Y</IsDeleteable>
        <IsHighVolume>N</IsHighVolume>
        <IsView>N</IsView>
        <EntityType>DMS</EntityType>
        <ImportTable/>
        <IsChangeLog>N</IsChangeLog>
        <ReplicationType>L</ReplicationType>
        <PO_Window_ID reference="id"/>
        <CopyColumnsFromTable/>
        <IsCentrallyMaintained>Y</IsCentrallyMaintained>
        <AD_Table_UU>169e6321-63e1-416d-b67d-2348bd7560e6</AD_Table_UU>
        <Processing>N</Processing>
        <DatabaseViewDrop/>
        <CopyComponentsFromView/>
    </AD_Table>
    <AD_Table type="table">
        <AD_Client_ID>0</AD_Client_ID>
        <AD_Org_ID>0</AD_Org_ID>
        <Name>DMS Association</Name>
        <Description/>
        <Help/>
        <AD_Window_ID reference="uuid" reference-key="AD_Window">55a16565-d87d-4ba8-b1a7-9aaf09df3f7d</AD_Window_ID>
        <AD_Val_Rule_ID reference="id"/>
        <TableName>DMS_Association</TableName>
        <LoadSeq>0</LoadSeq>
        <AccessLevel>6</AccessLevel>
        <IsActive>Y</IsActive>
        <IsSecurityEnabled>N</IsSecurityEnabled>
        <IsDeleteable>Y</IsDeleteable>
        <IsHighVolume>N</IsHighVolume>
        <IsView>N</IsView>
        <EntityType>DMS</EntityType>
        <ImportTable>N</ImportTable>
        <IsChangeLog>N</IsChangeLog>
        <ReplicationType>L</ReplicationType>
        <PO_Window_ID reference="id"/>
        <CopyColumnsFromTable>N</CopyColumnsFromTable>
        <IsCentrallyMaintained>Y</IsCentrallyMaintained>
        <AD_Table_UU>2686f358-866e-46d4-827f-ca990a3ebc27</AD_Table_UU>
        <Processing>N</Processing>
        <DatabaseViewDrop>N</DatabaseViewDrop>
        <CopyComponentsFromView/>
    </AD_Table>
    <AD_Table type="table">
        <AD_Client_ID>0</AD_Client_ID>
        <AD_Org_ID>0</AD_Org_ID>
        <Name>DMS Asscociation Type</Name>
        <Description/>
        <Help/>
        <AD_Window_ID reference="uuid" reference-key="AD_Window">f1759d8d-1480-4dcb-bd25-f5505fc93624</AD_Window_ID>
        <AD_Val_Rule_ID reference="id"/>
        <TableName>DMS_AssociationType</TableName>
        <LoadSeq>0</LoadSeq>
        <AccessLevel>6</AccessLevel>
        <IsActive>Y</IsActive>
        <IsSecurityEnabled>N</IsSecurityEnabled>
        <IsDeleteable>Y</IsDeleteable>
        <IsHighVolume>N</IsHighVolume>
        <IsView>N</IsView>
        <EntityType>DMS</EntityType>
        <ImportTable>N</ImportTable>
        <IsChangeLog>N</IsChangeLog>
        <ReplicationType>L</ReplicationType>
        <PO_Window_ID reference="id"/>
        <CopyColumnsFromTable>N</CopyColumnsFromTable>
        <IsCentrallyMaintained>Y</IsCentrallyMaintained>
        <AD_Table_UU>a145b1bf-ef2a-4610-9f4c-9853c3af0f12</AD_Table_UU>
        <Processing>N</Processing>
        <DatabaseViewDrop>N</DatabaseViewDrop>
        <CopyComponentsFromView/>
    </AD_Table>
    <AD_Table type="table">
        <AD_Client_ID>0</AD_Client_ID>
        <AD_Org_ID>0</AD_Org_ID>
        <Name>Mime Type</Name>
        <Description>MIME stands for "Multipurpose Internet Mail Extensions.</Description>
        <Help>MIME stands for "Multipurpose Internet Mail Extensions. It's a way of identifying files on the Internet according to their nature and format.</Help>
        <AD_Window_ID reference="id"/>
        <AD_Val_Rule_ID reference="id"/>
        <TableName>DMS_MimeType</TableName>
        <LoadSeq>145</LoadSeq>
        <AccessLevel>6</AccessLevel>
        <IsActive>Y</IsActive>
        <IsSecurityEnabled>N</IsSecurityEnabled>
        <IsDeleteable>Y</IsDeleteable>
        <IsHighVolume>N</IsHighVolume>
        <IsView>N</IsView>
        <EntityType>DMS</EntityType>
        <ImportTable/>
        <IsChangeLog>N</IsChangeLog>
        <ReplicationType>L</ReplicationType>
        <PO_Window_ID reference="id"/>
        <CopyColumnsFromTable/>
        <IsCentrallyMaintained>Y</IsCentrallyMaintained>
        <AD_Table_UU>3f9811f5-2512-4da1-aec1-466073f9b24f</AD_Table_UU>
        <Processing>N</Processing>
        <DatabaseViewDrop/>
        <CopyComponentsFromView/>
    </AD_Table>
</idempiere>
