<?xml version="1.0" encoding="UTF-8"?><idempiere Name="AD_SysConfig" Version="1.0.0" idempiereVersion="3.1.0.qualifier" DataBaseVersion="2015-10-31" Description="" Author="SuperUser" AuthorEmail="superuser @ idempiere.com" CreatedDate="Tue Jul 19 10:18:18 IST 2016" UpdatedDate="Tue Jul 19 10:18:18 IST 2016" PackOutVersion="100" UpdateDictionary="true" Client="0-SYSTEM-System" AD_Client_UU="11237b53-9592-4af1-b3c5-afd216514b5d">
    <AD_SysConfig type="table">
        <AD_Client_ID>0</AD_Client_ID>
        <AD_Org_ID>0</AD_Org_ID>
        <IsActive>Y</IsActive>
        <Name>DMS_MOUNTING_BASE</Name>
        <Value>Attachment</Value>
        <Description>Base directory name for Mounting strategy under this Associated DMS Contents are stored.</Description>
        <EntityType>U</EntityType>
        <ConfigurationLevel>S</ConfigurationLevel>
        <AD_SysConfig_UU>7c860f50-2cb1-4e90-a093-923a5d77568c</AD_SysConfig_UU>
    </AD_SysConfig>
</idempiere>
