<?xml version="1.0" encoding="UTF-8"?><idempiere Name="M_Attribute" Version="1.0.0" idempiereVersion="5.1.0.qualifier" DataBaseVersion="2017-10-31" Description="" Author="SuperUser" AuthorEmail="Test-superuser @ idempiere.com" CreatedDate="Thu Dec 13 15:30:30 IST 2018" UpdatedDate="Thu Dec 13 15:30:30 IST 2018" PackOutVersion="100" UpdateDictionary="true" Client="0-SYSTEM-System" AD_Client_UU="11237b53-9592-4af1-b3c5-afd216514b5d">
    <M_Attribute type="table">
        <AD_Client_ID>0</AD_Client_ID>
        <AD_Org_ID>0</AD_Org_ID>
        <IsInstanceAttribute>N</IsInstanceAttribute>
        <Name>DocStatus</Name>
        <IsActive>Y</IsActive>
        <Description>DocStatus</Description>
        <IsMandatory>N</IsMandatory>
        <M_AttributeSearch_ID reference="id"/>
        <AttributeValueType>R</AttributeValueType>
        <M_Attribute_UU>146ae53b-7609-4677-9953-fe3a6f84ccb9</M_Attribute_UU>
        <AD_Reference_ID reference="id">17</AD_Reference_ID>
        <AD_Reference_Value_ID reference="id">131</AD_Reference_Value_ID>
        <M_AttributeValue type="table">
            <AD_Client_ID>0</AD_Client_ID>
            <AD_Org_ID>0</AD_Org_ID>
            <Value>??</Value>
            <Description/>
            <M_Attribute_ID reference="uuid" reference-key="M_Attribute">146ae53b-7609-4677-9953-fe3a6f84ccb9</M_Attribute_ID>
            <IsActive>Y</IsActive>
            <Name>Unknown</Name>
            <M_AttributeValue_UU>13c883d6-b307-46f6-ae61-978b4c37f82d</M_AttributeValue_UU>
        </M_AttributeValue>
        <M_AttributeValue type="table">
            <AD_Client_ID>0</AD_Client_ID>
            <AD_Org_ID>0</AD_Org_ID>
            <Value>AP</Value>
            <Description/>
            <M_Attribute_ID reference="uuid" reference-key="M_Attribute">146ae53b-7609-4677-9953-fe3a6f84ccb9</M_Attribute_ID>
            <IsActive>Y</IsActive>
            <Name>Approved</Name>
            <M_AttributeValue_UU>1d858d84-7778-4832-9c16-9bad703d6708</M_AttributeValue_UU>
        </M_AttributeValue>
        <M_AttributeValue type="table">
            <AD_Client_ID>0</AD_Client_ID>
            <AD_Org_ID>0</AD_Org_ID>
            <Value>CL</Value>
            <Description/>
            <M_Attribute_ID reference="uuid" reference-key="M_Attribute">146ae53b-7609-4677-9953-fe3a6f84ccb9</M_Attribute_ID>
            <IsActive>Y</IsActive>
            <Name>Closed</Name>
            <M_AttributeValue_UU>122b5e62-e3f7-48ff-acbf-92b7849b2284</M_AttributeValue_UU>
        </M_AttributeValue>
        <M_AttributeValue type="table">
            <AD_Client_ID>0</AD_Client_ID>
            <AD_Org_ID>0</AD_Org_ID>
            <Value>CO</Value>
            <Description/>
            <M_Attribute_ID reference="uuid" reference-key="M_Attribute">146ae53b-7609-4677-9953-fe3a6f84ccb9</M_Attribute_ID>
            <IsActive>Y</IsActive>
            <Name>Completed</Name>
            <M_AttributeValue_UU>3d14ffed-ebfb-4bd2-9d05-86f35103e236</M_AttributeValue_UU>
        </M_AttributeValue>
        <M_AttributeValue type="table">
            <AD_Client_ID>0</AD_Client_ID>
            <AD_Org_ID>0</AD_Org_ID>
            <Value>DR</Value>
            <Description/>
            <M_Attribute_ID reference="uuid" reference-key="M_Attribute">146ae53b-7609-4677-9953-fe3a6f84ccb9</M_Attribute_ID>
            <IsActive>Y</IsActive>
            <Name>Drafted</Name>
            <M_AttributeValue_UU>d46bdaaf-7304-4254-88c1-c1ef57764ccf</M_AttributeValue_UU>
        </M_AttributeValue>
        <M_AttributeValue type="table">
            <AD_Client_ID>0</AD_Client_ID>
            <AD_Org_ID>0</AD_Org_ID>
            <Value>IN</Value>
            <Description/>
            <M_Attribute_ID reference="uuid" reference-key="M_Attribute">146ae53b-7609-4677-9953-fe3a6f84ccb9</M_Attribute_ID>
            <IsActive>Y</IsActive>
            <Name>Invalid</Name>
            <M_AttributeValue_UU>6f148299-4714-444a-aad9-373fe67ba0fc</M_AttributeValue_UU>
        </M_AttributeValue>
        <M_AttributeValue type="table">
            <AD_Client_ID>0</AD_Client_ID>
            <AD_Org_ID>0</AD_Org_ID>
            <Value>IP</Value>
            <Description/>
            <M_Attribute_ID reference="uuid" reference-key="M_Attribute">146ae53b-7609-4677-9953-fe3a6f84ccb9</M_Attribute_ID>
            <IsActive>Y</IsActive>
            <Name>In Progress</Name>
            <M_AttributeValue_UU>75586b3b-7327-426b-b011-fcac267b2f2d</M_AttributeValue_UU>
        </M_AttributeValue>
        <M_AttributeValue type="table">
            <AD_Client_ID>0</AD_Client_ID>
            <AD_Org_ID>0</AD_Org_ID>
            <Value>NA</Value>
            <Description/>
            <M_Attribute_ID reference="uuid" reference-key="M_Attribute">146ae53b-7609-4677-9953-fe3a6f84ccb9</M_Attribute_ID>
            <IsActive>Y</IsActive>
            <Name>Not Approved</Name>
            <M_AttributeValue_UU>12553ced-9c41-46c2-8c4f-aae99fe68dd2</M_AttributeValue_UU>
        </M_AttributeValue>
        <M_AttributeValue type="table">
            <AD_Client_ID>0</AD_Client_ID>
            <AD_Org_ID>0</AD_Org_ID>
            <Value>RE</Value>
            <Description/>
            <M_Attribute_ID reference="uuid" reference-key="M_Attribute">146ae53b-7609-4677-9953-fe3a6f84ccb9</M_Attribute_ID>
            <IsActive>Y</IsActive>
            <Name>Reversed</Name>
            <M_AttributeValue_UU>fb7bc59e-d96a-44fb-bf2f-56fb6ceb41f0</M_AttributeValue_UU>
        </M_AttributeValue>
        <M_AttributeValue type="table">
            <AD_Client_ID>0</AD_Client_ID>
            <AD_Org_ID>0</AD_Org_ID>
            <Value>VO</Value>
            <Description/>
            <M_Attribute_ID reference="uuid" reference-key="M_Attribute">146ae53b-7609-4677-9953-fe3a6f84ccb9</M_Attribute_ID>
            <IsActive>Y</IsActive>
            <Name>Voided</Name>
            <M_AttributeValue_UU>f22907a7-e39b-486f-899c-3b1398ac9729</M_AttributeValue_UU>
        </M_AttributeValue>
        <M_AttributeValue type="table">
            <AD_Client_ID>0</AD_Client_ID>
            <AD_Org_ID>0</AD_Org_ID>
            <Value>WC</Value>
            <Description/>
            <M_Attribute_ID reference="uuid" reference-key="M_Attribute">146ae53b-7609-4677-9953-fe3a6f84ccb9</M_Attribute_ID>
            <IsActive>Y</IsActive>
            <Name>Waiting Confirmation</Name>
            <M_AttributeValue_UU>96c49665-d81d-4a9e-83b7-475f51905877</M_AttributeValue_UU>
        </M_AttributeValue>
        <M_AttributeValue type="table">
            <AD_Client_ID>0</AD_Client_ID>
            <AD_Org_ID>0</AD_Org_ID>
            <Value>WP</Value>
            <Description/>
            <M_Attribute_ID reference="uuid" reference-key="M_Attribute">146ae53b-7609-4677-9953-fe3a6f84ccb9</M_Attribute_ID>
            <IsActive>Y</IsActive>
            <Name>Waiting Payment</Name>
            <M_AttributeValue_UU>4c64dec6-c072-4c88-9c64-3df7a6e0ab02</M_AttributeValue_UU>
        </M_AttributeValue>
    </M_Attribute>
</idempiere>
