<?xml version="1.0" encoding="UTF-8"?><idempiere Name="DMS_Move_Owner" Version="1.0.0" idempiereVersion="" DataBaseVersion="" Description="" Author="" AuthorEmail="" CreatedDate="2023-03-16 15:29:30.662" UpdatedDate="2023-03-27 14:38:11.844" PackOutVersion="100" UpdateDictionary="true" Client="0-SYSTEM-System" AD_Client_UU="11237b53-9592-4af1-b3c5-afd216514b5d">
    <SQLStatement type="custom">
        <DBType>Postgres</DBType>
        <statement>
            <![CDATA[DELETE FROM AD_Field WHERE   AD_Field_UU='d4bbfd53-9902-43c2-bad5-a675866fde49'
]]>
        </statement>
    </SQLStatement>
    <SQLStatement type="custom">
        <DBType>Postgres</DBType>
        <statement>
            <![CDATA[DELETE FROM AD_Column WHERE  AD_Column_UU= '7973a313-1663-4783-addb-0d923329c4d7'
]]>
        </statement>
    </SQLStatement>
    <SQLStatement type="custom">
        <DBType>Postgres</DBType>
        <statement>
            <![CDATA[ALTER TABLE DMS_Permission  
DROP COLUMN DMS_Owner_ID;
]]>
        </statement>
    </SQLStatement>
</idempiere>
