<?xml version="1.0" encoding="UTF-8"?><idempiere Name="AD_SysConfig" Version="1.0.0" idempiereVersion="5.1.0.qualifier" DataBaseVersion="2017-10-31" Description="" Author="SuperUser" AuthorEmail="superuser @ idempiere.com" CreatedDate="Tue Apr 27 10:16:18 IST 2021" UpdatedDate="Tue Apr 27 10:16:18 IST 2021" PackOutVersion="100" UpdateDictionary="true" Client="0-SYSTEM-System" AD_Client_UU="11237b53-9592-4af1-b3c5-afd216514b5d">
    <AD_SysConfig type="table">
        <AD_Client_ID>0</AD_Client_ID>
        <AD_Org_ID>0</AD_Org_ID>
        <IsActive>Y</IsActive>
        <Name>DMS_ALLOW_PERMISSION_WISE_FILTER</Name>
        <Value>N</Value>
        <Description>Allow to create permission per content wise and access wise filtered content visible to User</Description>
        <EntityType>DMS</EntityType>
        <ConfigurationLevel>C</ConfigurationLevel>
        <AD_SysConfig_UU>5d70bf00-9144-4f1b-921b-95a0b5081e0f</AD_SysConfig_UU>
    </AD_SysConfig>
</idempiere>
