<?xml version="1.0" encoding="UTF-8"?><idempiere Name="AD_ToolBarButton" Version="1.0.0" idempiereVersion="11.0.0.qualifier" DataBaseVersion="2023-12-24" Description="" Author="SuperUser" AuthorEmail="superuser @ idempiere.com" CreatedDate="Mon Jan 27 18:08:24 IST 2025" UpdatedDate="Mon Jan 27 18:08:24 IST 2025" PackOutVersion="100" UpdateDictionary="false" Client="0-SYSTEM-System" AD_Client_UU="11237b53-9592-4af1-b3c5-afd216514b5d">
    <AD_ToolBarButton type="table">
        <AD_Client_ID>0</AD_Client_ID>
        <AD_Org_ID>0</AD_Org_ID>
        <ComponentName>Document Explorer</ComponentName>
        <IsActive>Y</IsActive>
        <Name>Document Explorer</Name>
        <IsCustomization>Y</IsCustomization>
        <ActionClassName>com.logilite.dms.toolbar.CustomToolbarFactory</ActionClassName>
        <AD_ToolBarButton_UU>64b27c55-d974-4ef3-ba67-8fefddc39fa8</AD_ToolBarButton_UU>
        <Action>W</Action>
        <SeqNo>280</SeqNo>
        <IsAdvancedButton>N</IsAdvancedButton>
        <IsAddSeparator>N</IsAddSeparator>
        <PressedLogic>@SQL=SELECT 1 FROM DMS_Association a INNER JOIN DMS_Content c ON (a.DMS_Content_ID = c.DMS_Content_ID AND c.IsMounting = 'N' ) WHERE a.AD_Table_ID = @_TabInfo_AD_Table_ID@ AND a.Record_ID = @_TabInfo_Record_ID@ AND a.IsActive = 'Y'</PressedLogic>
        <EntityType>DMS</EntityType>
        <IsShowMore>N</IsShowMore>
    </AD_ToolBarButton>
</idempiere>
