<?xml version="1.0" encoding="UTF-8"?><idempiere Name="ClientInfo" Version="2.1" idempiereVersion="" DataBaseVersion="" Description="" Author="" AuthorEmail="" CreatedDate="2015-12-02 12:00:42.517" UpdatedDate="2015-12-02 12:00:42.517" PackOutVersion="100" UpdateDictionary="false" Client="0-SYSTEM-System" AD_Client_UU="11237b53-9592-4af1-b3c5-afd216514b5d">
    <AD_Menu type="table">
        <Parent_ID reference="id">156</Parent_ID>
        <SeqNo>5</SeqNo>
        <AD_Menu_ID>148</AD_Menu_ID>
        <AD_Client_ID>0</AD_Client_ID>
        <AD_Org_ID>0</AD_Org_ID>
        <AD_Menu_ID>148</AD_Menu_ID>
        <Name>Client</Name>
        <Description>Maintain Clients/Tenants</Description>
        <Action>W</Action>
        <AD_Window_ID reference="id">109</AD_Window_ID>
        <AD_Workflow_ID reference="id"/>
        <AD_Task_ID reference="id"/>
        <IsActive>Y</IsActive>
        <IsSummary>N</IsSummary>
        <AD_Process_ID reference="id"/>
        <IsSOTrx>Y</IsSOTrx>
        <AD_Form_ID reference="id"/>
        <IsReadOnly>N</IsReadOnly>
        <EntityType>D</EntityType>
        <IsCentrallyMaintained>Y</IsCentrallyMaintained>
        <AD_Menu_UU>d898055b-d868-4b38-810f-31bb4099a64d</AD_Menu_UU>
        <AD_InfoWindow_ID reference="id"/>
        <AD_Menu_Trl type="translation">
            <Name>Grupo Empresarial</Name>
            <Description>Mantener Grupos Empresariales</Description>
            <AD_Language>es_CO</AD_Language>
            <IsActive>Y</IsActive>
            <IsTranslated>Y</IsTranslated>
        </AD_Menu_Trl>
        <AD_Element type="table">
            <AD_Client_ID>0</AD_Client_ID>
            <AD_Org_ID>0</AD_Org_ID>
            <IsActive>Y</IsActive>
            <ColumnName>DMS_StorageProvider_ID</ColumnName>
            <Name>DMS Storage Provider</Name>
            <Description/>
            <Help/>
            <PrintName>DMS Storage Provider</PrintName>
            <PO_Description/>
            <PO_Help/>
            <PO_Name/>
            <PO_PrintName/>
            <EntityType>DMS</EntityType>
            <AD_Element_UU>92aae853-054f-42ed-98b1-8a35ea47f0df</AD_Element_UU>
            <AD_Element_Trl type="translation">
                <Help/>
                <PO_Description/>
                <PO_Help/>
                <Name>DMS Storage Provider</Name>
                <Description/>
                <PrintName>DMS Storage Provider</PrintName>
                <PO_Name/>
                <PO_PrintName/>
                <AD_Language>es_CO</AD_Language>
                <IsActive>Y</IsActive>
                <IsTranslated>N</IsTranslated>
            </AD_Element_Trl>
        </AD_Element>
        <AD_Reference type="table">
            <AD_Client_ID>0</AD_Client_ID>
            <AD_Org_ID>0</AD_Org_ID>
            <Name>AD_Storage_Refferance</Name>
            <Description/>
            <Help/>
            <ValidationType>T</ValidationType>
            <IsActive>Y</IsActive>
            <VFormat/>
            <EntityType>DMS</EntityType>
            <IsOrderByValue>N</IsOrderByValue>
            <AD_Reference_UU>85ac6e1c-8679-43b4-a9ab-e594972ec0bd</AD_Reference_UU>
            <AD_Reference_Trl type="translation">
                <Help/>
                <Name>AD_Storage_Refferance</Name>
                <Description/>
                <AD_Language>es_CO</AD_Language>
                <IsActive>Y</IsActive>
                <IsTranslated>N</IsTranslated>
            </AD_Reference_Trl>
            <AD_Ref_Table type="table">
                <AD_Client_ID>0</AD_Client_ID>
                <AD_Org_ID>0</AD_Org_ID>
                <AD_Reference_ID reference="uuid" reference-key="AD_Reference">85ac6e1c-8679-43b4-a9ab-e594972ec0bd</AD_Reference_ID>
                <AD_Table_ID reference="id">200037</AD_Table_ID>
                <WhereClause/>
                <OrderByClause/>
                <IsActive>Y</IsActive>
                <IsValueDisplayed>N</IsValueDisplayed>
                <EntityType>U</EntityType>
                <AD_Window_ID reference="id">109</AD_Window_ID>
                <AD_Ref_Table_UU>02231855-b0b2-4c52-a603-d17004252250</AD_Ref_Table_UU>
                <AD_InfoWindow_ID reference="id"/>
                <AD_Display reference="id">200969</AD_Display>
                <AD_Key reference="id">200961</AD_Key>
            </AD_Ref_Table>
        </AD_Reference>
        <AD_Column type="table">
            <IsSyncDatabase>Y</IsSyncDatabase>
            <AD_Table_ID reference="id">227</AD_Table_ID>
            <AD_Reference_Value_ID reference="uuid" reference-key="AD_Reference">85ac6e1c-8679-43b4-a9ab-e594972ec0bd</AD_Reference_Value_ID>
            <AD_Client_ID>0</AD_Client_ID>
            <AD_Org_ID>0</AD_Org_ID>
            <Version>0</Version>
            <Name>DMS Storage Provider</Name>
            <Description/>
            <Help/>
            <AD_Val_Rule_ID reference="id"/>
            <ColumnName>DMS_StorageProvider_ID</ColumnName>
            <DefaultValue/>
            <FieldLength>10</FieldLength>
            <IsKey>N</IsKey>
            <IsParent>N</IsParent>
            <IsMandatory>N</IsMandatory>
            <IsTranslated>N</IsTranslated>
            <IsIdentifier>N</IsIdentifier>
            <SeqNo>0</SeqNo>
            <IsEncrypted>N</IsEncrypted>
            <AD_Reference_ID reference="id">18</AD_Reference_ID>
            <IsActive>Y</IsActive>
            <VFormat/>
            <Callout/>
            <AD_Element_ID reference="uuid" reference-key="AD_Element">92aae853-054f-42ed-98b1-8a35ea47f0df</AD_Element_ID>
            <IsUpdateable>Y</IsUpdateable>
            <AD_Process_ID reference="id"/>
            <ValueMin/>
            <ValueMax/>
            <IsSelectionColumn>N</IsSelectionColumn>
            <ReadOnlyLogic/>
            <EntityType>DMS</EntityType>
            <IsAlwaysUpdateable>N</IsAlwaysUpdateable>
            <ColumnSQL/>
            <MandatoryLogic/>
            <IsAutocomplete>N</IsAutocomplete>
            <IsAllowLogging>Y</IsAllowLogging>
            <FormatPattern/>
            <AD_Chart_ID reference="id"/>
            <AD_Column_UU>8c9f0d23-867c-4eb8-ba8c-12dbe10491a7</AD_Column_UU>
            <IsAllowCopy>Y</IsAllowCopy>
            <SeqNoSelection>0</SeqNoSelection>
            <IsToolbarButton>N</IsToolbarButton>
            <IsSecure>N</IsSecure>
            <FKConstraintName>DMSStorageProvider_ADClientInf</FKConstraintName>
            <FKConstraintType>N</FKConstraintType>
        </AD_Column>
        <AD_Field type="table">
            <AD_Client_ID>0</AD_Client_ID>
            <AD_Org_ID>0</AD_Org_ID>
            <Name>DMS Storage Provider</Name>
            <Description/>
            <Help/>
            <AD_Tab_ID reference="id">169</AD_Tab_ID>
            <AD_Column_ID reference="uuid" reference-key="AD_Column">8c9f0d23-867c-4eb8-ba8c-12dbe10491a7</AD_Column_ID>
            <IsDisplayed>Y</IsDisplayed>
            <DisplayLogic/>
            <DisplayLength>10</DisplayLength>
            <SeqNo>80</SeqNo>
            <SortNo/>
            <IsSameLine>N</IsSameLine>
            <IsHeading>N</IsHeading>
            <IsFieldOnly>N</IsFieldOnly>
            <IsEncrypted>N</IsEncrypted>
            <IsActive>Y</IsActive>
            <IsReadOnly>N</IsReadOnly>
            <IsCentrallyMaintained>Y</IsCentrallyMaintained>
            <AD_FieldGroup_ID reference="id"/>
            <EntityType>DMS</EntityType>
            <ObscureType/>
            <AD_Reference_ID reference="id"/>
            <IsMandatory/>
            <DefaultValue/>
            <AD_Reference_Value_ID reference="id"/>
            <AD_Val_Rule_ID reference="id"/>
            <Included_Tab_ID reference="id"/>
            <AD_Field_UU>a5013a93-890c-499a-b434-d3db14e593b3</AD_Field_UU>
            <IsAllowCopy/>
            <IsDisplayedGrid>Y</IsDisplayedGrid>
            <SeqNoGrid>370</SeqNoGrid>
            <XPosition>4</XPosition>
            <ColumnSpan>2</ColumnSpan>
            <NumLines>1</NumLines>
            <IsQuickEntry>N</IsQuickEntry>
            <IsUpdateable/>
            <IsAlwaysUpdateable/>
            <MandatoryLogic/>
            <ReadOnlyLogic/>
            <IsToolbarButton/>
            <IsDefaultFocus>N</IsDefaultFocus>
            <IsAdvancedField>N</IsAdvancedField>
            <AD_Field_Trl type="translation">
                <Help/>
                <Description/>
                <Name>DMS Storage Provider</Name>
                <AD_Language>es_CO</AD_Language>
                <IsActive>Y</IsActive>
                <IsTranslated>N</IsTranslated>
            </AD_Field_Trl>
        </AD_Field>
    </AD_Menu>
</idempiere>
