<?xml version="1.0" encoding="UTF-8"?><idempiere Name="2Pack_7.1.0" Version="1.0.0" idempiereVersion="" DataBaseVersion="" Description="- Add DMS Auto Cleaner model Validator" Author="" AuthorEmail="" CreatedDate="2024-12-26 14:08:34.951" UpdatedDate="2024-12-26 14:08:34.951" PackOutVersion="100" UpdateDictionary="false" Client="0-SYSTEM-System" AD_Client_UU="11237b53-9592-4af1-b3c5-afd216514b5d">
    <AD_ModelValidator type="table">
        <AD_Client_ID>0</AD_Client_ID>
        <AD_Org_ID>0</AD_Org_ID>
        <IsActive>Y</IsActive>
        <Name>DMS Cleanup On Record Delete</Name>
        <Description/>
        <Help/>
        <EntityType>DMS</EntityType>
        <ModelValidationClass>com.logilite.dms.dmscleanuponrecorddelete.model.DMSCleanupOnRecordDeleteModelValidator</ModelValidationClass>
        <SeqNo>0</SeqNo>
        <AD_ModelValidator_UU>057dbdcc-b567-4a88-9fa2-6f067987e946</AD_ModelValidator_UU>
    </AD_ModelValidator>
     <SQLMandatory type="custom">
        <DBType>Postgres</DBType>
        <statement><![CDATA[-- DROP VIEW adempiere.dms_auto_cleaner_tables_v

CREATE OR REPLACE VIEW adempiere.dms_auto_cleaner_tables_v
 AS
 SELECT T.TABLENAME
FROM AD_TABLE T
WHERE T.ISACTIVE = 'Y' AND T.ISVIEW = 'N'
	AND ISDELETEABLE = 'Y' AND ACCESSLEVEL != '4'
	AND T.TABLENAME NOT ILIKE 'DMS_%' AND T.TABLENAME NOT ILIKE 'T_%'
	AND T.TABLENAME NOT ILIKE 'I_%'
	AND T.TABLENAME NOT IN ( SELECT TABLENAME FROM AD_TABLE
							WHERE TABLENAME ILIKE 'AD_%'
								AND TABLENAME NOT IN ('AD_User', 'AD_PrintFormat','AD_PrintFormat_Access') )
	AND NOT EXISTS ( SELECT DISTINCT C.AD_TABLE_ID FROM AD_COLUMN C
						WHERE C.ISPARENT = 'Y'
							AND C.ISACTIVE = 'Y'
							AND C.AD_TABLE_ID = T.AD_TABLE_ID
							AND NOT EXISTS ( 	SELECT AD_TABLE_ID FROM AD_COLUMN CS
												WHERE CS.ISKEY = 'Y'
													AND CS.AD_TABLE_ID = C.AD_TABLE_ID )
						GROUP BY C.AD_TABLE_ID
						HAVING COUNT(1) > 1 )
	AND EXISTS ( SELECT 1 FROM AD_COLUMN C
					WHERE C.AD_TABLE_ID = T.AD_TABLE_ID AND C.ISKEY = 'Y'
						AND C.ISACTIVE = 'Y'
						AND NOT EXISTS ( SELECT 1 FROM AD_COLUMN C2
									WHERE C2.AD_TABLE_ID = T.AD_TABLE_ID
										AND C2.ISKEY = 'Y' AND C2.ISACTIVE = 'Y'
										AND C2.AD_COLUMN_ID != C.AD_COLUMN_ID ))
ORDER BY 1, T.TABLENAME;]]></statement>
    </SQLMandatory>
</idempiere>
