<?xml version="1.0" encoding="UTF-8"?><idempiere Name="Plugin_Name_Change" Version="1.0.0" idempiereVersion="" DataBaseVersion="" Description="" Author="" AuthorEmail="" CreatedDate="2023-02-01 16:19:34.991" UpdatedDate="2023-02-01 16:19:39.169" PackOutVersion="100" UpdateDictionary="true" Client="0-SYSTEM-System" AD_Client_UU="11237b53-9592-4af1-b3c5-afd216514b5d">
    <SQLStatement type="custom">
        <DBType>Postgres</DBType>
        <statement>
            <![CDATA[UPDATE AD_Package_IMP 
SET Name = 'com.logilite.dms' 
WHERE Name ='org.idempiere.dms' AND PK_Status = 'Completed successfully'
;]]>
        </statement>
    </SQLStatement>
    <AD_Message type="table">
        <AD_Client_ID>0</AD_Client_ID>
        <AD_Org_ID>0</AD_Org_ID>
        <MsgType>I</MsgType>
        <MsgText>Document Explorer</MsgText>
        <MsgTip/>
        <IsActive>Y</IsActive>
        <Value>com.logilite.dms.toolbar.CustomToolbarFactory.tooltip</Value>
        <EntityType>U</EntityType>
        <AD_Message_UU>622feb88-71b2-40bd-a5a5-b49ad02faf99</AD_Message_UU>
        <AD_Message_Trl type="translation">
            <MsgText>Document Explorer</MsgText>
            <MsgTip/>
            <AD_Language>es_CO</AD_Language>
            <IsActive>Y</IsActive>
            <IsTranslated>N</IsTranslated>
        </AD_Message_Trl>
    </AD_Message>
    <AD_Message type="table">
        <AD_Client_ID>0</AD_Client_ID>
        <AD_Org_ID>0</AD_Org_ID>
        <MsgType>I</MsgType>
        <MsgText>Document Explorer</MsgText>
        <MsgTip/>
        <IsActive>Y</IsActive>
        <Value>com.logilite.dms.toolbar.CustomToolbarFactory.label</Value>
        <EntityType>U</EntityType>
        <AD_Message_UU>2184f5cf-b88a-45d6-ac11-1cbf4cf443fb</AD_Message_UU>
        <AD_Message_Trl type="translation">
            <MsgText>Document Explorer</MsgText>
            <MsgTip/>
            <AD_Language>es_CO</AD_Language>
            <IsActive>Y</IsActive>
            <IsTranslated>N</IsTranslated>
        </AD_Message_Trl>
    </AD_Message>
</idempiere>
