<?xml version="1.0" encoding="UTF-8"?><idempiere Name="AD_ToolBarButton" Version="1.0.0" idempiereVersion="3.1.0.qualifier" DataBaseVersion="2015-10-31" Description="" Author="SuperUser" AuthorEmail="superuser @ idempiere.com" CreatedDate="Tue Jun 14 09:04:14 IST 2016" UpdatedDate="Tue Jun 14 09:04:14 IST 2016" PackOutVersion="100" UpdateDictionary="true" Client="0-SYSTEM-System" AD_Client_UU="11237b53-9592-4af1-b3c5-afd216514b5d">
    <AD_ToolBarButton type="table">
        <AD_Client_ID>0</AD_Client_ID>
        <AD_Org_ID>0</AD_Org_ID>
        <ComponentName>Document Explorer</ComponentName>
        <IsActive>Y</IsActive>
        <Name>Document Explorer</Name>
        <IsCustomization>Y</IsCustomization>
        <ActionClassName>org.idempiere.dms.toolbar.CustomToolbarFactory</ActionClassName>
        <ActionName/>
        <KeyStroke_KeyCode>0</KeyStroke_KeyCode>
        <KeyStroke_Modifiers>0</KeyStroke_Modifiers>
        <AD_ToolBarButton_UU>64b27c55-d974-4ef3-ba67-8fefddc39fa8</AD_ToolBarButton_UU>
        <Action>W</Action>
        <AD_Tab_ID reference="id"/>
        <AD_Process_ID reference="id"/>
        <DisplayLogic/>
        <SeqNo>280</SeqNo>
        <IsAdvancedButton>N</IsAdvancedButton>
        <IsAddSeparator>N</IsAddSeparator>
    </AD_ToolBarButton>
 <AD_Message type="table">
        <AD_Client_ID>0</AD_Client_ID>
        <AD_Org_ID>0</AD_Org_ID>
        <MsgType>I</MsgType>
        <MsgText>Document Explorer</MsgText>
        <MsgTip/>
        <IsActive>Y</IsActive>
        <Value>org.idempiere.dms.toolbar.CustomToolbarFactory.tooltip</Value>
        <EntityType>U</EntityType>
        <AD_Message_UU>622feb88-71b2-40bd-a5a5-b49ad02faf99</AD_Message_UU>
        <AD_Message_Trl type="translation">
            <MsgText>Document Explorer</MsgText>
            <MsgTip/>
            <AD_Language>es_CO</AD_Language>
            <IsActive>Y</IsActive>
            <IsTranslated>N</IsTranslated>
        </AD_Message_Trl>
    </AD_Message>
</idempiere>
