<?xml version="1.0" encoding="UTF-8"?><idempiere Name="AD_SysConfig" Version="1.0.0" idempiereVersion="3.1.0.qualifier" DataBaseVersion="2015-10-31" Description="" Author="SuperUser" AuthorEmail="superuser @ idempiere.com" CreatedDate="Thu Feb 04 18:14:11 IST 2016" UpdatedDate="Thu Feb 04 18:14:11 IST 2016" PackOutVersion="100" UpdateDictionary="true" Client="0-SYSTEM-System" AD_Client_UU="11237b53-9592-4af1-b3c5-afd216514b5d">
    <AD_SysConfig type="table">
        <AD_Client_ID>0</AD_Client_ID>
        <AD_Org_ID>0</AD_Org_ID>
        <IsActive>Y</IsActive>
        <Name>DMS_THUMBNAILS_SIZES</Name>
        <Value>150,300,500</Value>
        <Description>Used for define various size of thumbnail and generate all thumbnail accordingly given all sizes.</Description>
        <EntityType>DMS</EntityType>
        <ConfigurationLevel>S</ConfigurationLevel>
        <AD_SysConfig_UU>4743e920-387c-4375-b3ed-c267b9905ce4</AD_SysConfig_UU>
    </AD_SysConfig>
    <AD_SysConfig type="table">
        <AD_Client_ID>0</AD_Client_ID>
        <AD_Org_ID>0</AD_Org_ID>
        <IsActive>Y</IsActive>
        <Name>DMS_THUMBNAIL_BASEPATH</Name>
        <Value>/opt/DMS_Thumbnails</Value>
        <Description>Used for define path  where to save generated thumbanils.</Description>
        <EntityType>DMS</EntityType>
        <ConfigurationLevel>S</ConfigurationLevel>
        <AD_SysConfig_UU>b78e4b4e-a9f0-496a-b80d-0a4e41fb6a27</AD_SysConfig_UU>
    </AD_SysConfig>
</idempiere>
