<?xml version="1.0" encoding="UTF-8"?><idempiere Name="DMS_Substitute" Version="1.0.0" idempiereVersion="" DataBaseVersion="" Description="" Author="" AuthorEmail="" CreatedDate="2020-09-15 12:26:24.667" UpdatedDate="2020-09-15 14:19:42.782" PackOutVersion="100" UpdateDictionary="true" Client="0-SYSTEM-System" AD_Client_UU="11237b53-9592-4af1-b3c5-afd216514b5d">
    <AD_Menu type="table">
        <Parent_ID reference="uuid" reference-key="AD_Menu">7a1d1b83-c59d-42c9-a478-f2496cfb5fa0</Parent_ID>
        <SeqNo>4</SeqNo>
        <AD_Client_ID>0</AD_Client_ID>
        <AD_Org_ID>0</AD_Org_ID>
        <Name>DMS Substitute</Name>
        <Description>Set Actual table against its substitute table for maintaining Docs</Description>
        <Action>W</Action>
        <AD_Window_ID reference="uuid" reference-key="AD_Window">4c0d0bb0-7b06-41e0-a247-ab198d64a767</AD_Window_ID>
        <AD_Workflow_ID reference="id"/>
        <AD_Task_ID reference="id"/>
        <IsActive>Y</IsActive>
        <IsSummary>N</IsSummary>
        <AD_Process_ID reference="id"/>
        <IsSOTrx>N</IsSOTrx>
        <AD_Form_ID reference="id"/>
        <IsReadOnly>N</IsReadOnly>
        <EntityType>DMS</EntityType>
        <IsCentrallyMaintained>Y</IsCentrallyMaintained>
        <AD_Menu_UU>8708188e-21de-485a-b39e-532c1c410dda</AD_Menu_UU>
        <AD_InfoWindow_ID reference="id"/>
        <AD_Menu_Trl type="translation">
            <Name>DMS Substitude</Name>
            <Description/>
            <AD_Language>es_CO</AD_Language>
            <IsActive>Y</IsActive>
            <IsTranslated>N</IsTranslated>
        </AD_Menu_Trl>
        <AD_Window type="table">
            <AD_Client_ID>0</AD_Client_ID>
            <AD_Org_ID>0</AD_Org_ID>
            <Name>DMS Substitute</Name>
            <Description>Set Actual table against its substitute table for maintaining Docs</Description>
            <Help/>
            <IsActive>Y</IsActive>
            <WindowType>M</WindowType>
            <Processing>N</Processing>
            <AD_Color_ID reference="id"/>
            <AD_Image_ID reference="id"/>
            <EntityType>DMS</EntityType>
            <IsSOTrx>Y</IsSOTrx>
            <IsDefault>N</IsDefault>
            <WinHeight>0</WinHeight>
            <WinWidth>0</WinWidth>
            <IsBetaFunctionality>N</IsBetaFunctionality>
            <AD_Window_UU>4c0d0bb0-7b06-41e0-a247-ab198d64a767</AD_Window_UU>
            <TitleLogic/>
            <AD_Window_Trl type="translation">
                <Help/>
                <Name>DMS Substitude</Name>
                <Description>Set Actual table against its substitute table for maintaining Docs</Description>
                <AD_Language>es_CO</AD_Language>
                <IsActive>Y</IsActive>
                <IsTranslated>N</IsTranslated>
            </AD_Window_Trl>
            <AD_Table type="table">
                <AD_Client_ID>0</AD_Client_ID>
                <AD_Org_ID>0</AD_Org_ID>
                <Name>DMS Substitute</Name>
                <Description>Configure actual table against its substitute table for maintaining Docs</Description>
                <Help>Be careful while using this configuration</Help>
                <AD_Window_ID reference="id"/>
                <AD_Val_Rule_ID reference="id"/>
                <TableName>DMS_Substitute</TableName>
                <LoadSeq>0</LoadSeq>
                <AccessLevel>6</AccessLevel>
                <IsActive>Y</IsActive>
                <IsSecurityEnabled>N</IsSecurityEnabled>
                <IsDeleteable>Y</IsDeleteable>
                <IsHighVolume>N</IsHighVolume>
                <IsView>N</IsView>
                <EntityType>DMS</EntityType>
                <ImportTable>N</ImportTable>
                <IsChangeLog>Y</IsChangeLog>
                <ReplicationType>L</ReplicationType>
                <PO_Window_ID reference="id"/>
                <CopyColumnsFromTable>N</CopyColumnsFromTable>
                <IsCentrallyMaintained>Y</IsCentrallyMaintained>
                <AD_Table_UU>5a1ad03b-cd8c-47a5-91b7-e438b772ab20</AD_Table_UU>
                <Processing>N</Processing>
                <DatabaseViewDrop>N</DatabaseViewDrop>
                <CopyComponentsFromView>N</CopyComponentsFromView>
                <AD_Element type="table">
                    <AD_Client_ID>0</AD_Client_ID>
                    <AD_Org_ID>0</AD_Org_ID>
                    <IsActive>Y</IsActive>
                    <ColumnName>DMS_Substitute_ID</ColumnName>
                    <Name>DMS Substitute</Name>
                    <Description/>
                    <Help/>
                    <PrintName>DMS Substitute</PrintName>
                    <PO_Description/>
                    <PO_Help/>
                    <PO_Name/>
                    <PO_PrintName/>
                    <EntityType>DMS</EntityType>
                    <AD_Element_UU>20725f40-37db-4439-9524-1f7c388ab06e</AD_Element_UU>
                    <Placeholder/>
                    <AD_Element_Trl type="translation">
                        <Help/>
                        <PO_Description/>
                        <PO_Help/>
                        <Name>DMS Substitude</Name>
                        <Description/>
                        <PrintName>DMS Substitude</PrintName>
                        <PO_Name/>
                        <PO_PrintName/>
                        <Placeholder/>
                        <AD_Language>es_CO</AD_Language>
                        <IsActive>Y</IsActive>
                        <IsTranslated>N</IsTranslated>
                    </AD_Element_Trl>
                </AD_Element>
                <AD_Column type="table">
                    <IsSyncDatabase>Y</IsSyncDatabase>
                    <AD_Table_ID reference="uuid" reference-key="AD_Table">5a1ad03b-cd8c-47a5-91b7-e438b772ab20</AD_Table_ID>
                    <AD_Reference_Value_ID reference="id"/>
                    <AD_Client_ID>0</AD_Client_ID>
                    <AD_Org_ID>0</AD_Org_ID>
                    <Version>1.000000000000</Version>
                    <Name>DMS Substitute</Name>
                    <Description/>
                    <Help/>
                    <AD_Val_Rule_ID reference="id"/>
                    <ColumnName>DMS_Substitute_ID</ColumnName>
                    <DefaultValue/>
                    <FieldLength>22</FieldLength>
                    <IsKey>Y</IsKey>
                    <IsParent>N</IsParent>
                    <IsMandatory>Y</IsMandatory>
                    <IsTranslated>N</IsTranslated>
                    <IsIdentifier>N</IsIdentifier>
                    <SeqNo>0</SeqNo>
                    <IsEncrypted>N</IsEncrypted>
                    <AD_Reference_ID reference="id">13</AD_Reference_ID>
                    <IsActive>Y</IsActive>
                    <VFormat/>
                    <Callout/>
                    <AD_Element_ID reference="uuid" reference-key="AD_Element">20725f40-37db-4439-9524-1f7c388ab06e</AD_Element_ID>
                    <IsUpdateable>N</IsUpdateable>
                    <AD_Process_ID reference="id"/>
                    <ValueMin/>
                    <ValueMax/>
                    <IsSelectionColumn>N</IsSelectionColumn>
                    <ReadOnlyLogic/>
                    <EntityType>DMS</EntityType>
                    <IsAlwaysUpdateable>N</IsAlwaysUpdateable>
                    <ColumnSQL/>
                    <MandatoryLogic/>
                    <IsAutocomplete>N</IsAutocomplete>
                    <IsAllowLogging>Y</IsAllowLogging>
                    <FormatPattern/>
                    <AD_Chart_ID reference="id"/>
                    <AD_Column_UU>4daeeff9-bc0b-430a-93a6-36ee32fad930</AD_Column_UU>
                    <IsAllowCopy>N</IsAllowCopy>
                    <SeqNoSelection/>
                    <IsToolbarButton>N</IsToolbarButton>
                    <IsSecure>N</IsSecure>
                    <FKConstraintName/>
                    <FKConstraintType>N</FKConstraintType>
                    <PA_DashboardContent_ID reference="id"/>
                    <Placeholder/>
                </AD_Column>
                <AD_Val_Rule type="table">
                    <AD_Client_ID>0</AD_Client_ID>
                    <AD_Org_ID>0</AD_Org_ID>
                    <Name>DMS_Substitute_ColumnID</Name>
                    <Description/>
                    <Type>S</Type>
                    <Code>AD_Column.AD_Table_ID=@AD_Table_ID@ AND AD_Column.AD_Reference_ID IN (18,19,30) AND AD_Column.IsActive='Y'</Code>
                    <IsActive>Y</IsActive>
                    <EntityType>DMS</EntityType>
                    <AD_Val_Rule_UU>95642c6d-82a8-4cb5-a6ca-6e90c382afaa</AD_Val_Rule_UU>
                </AD_Val_Rule>
                <AD_Column type="table">
                    <IsSyncDatabase>Y</IsSyncDatabase>
                    <AD_Table_ID reference="uuid" reference-key="AD_Table">5a1ad03b-cd8c-47a5-91b7-e438b772ab20</AD_Table_ID>
                    <AD_Reference_Value_ID reference="id"/>
                    <AD_Client_ID>0</AD_Client_ID>
                    <AD_Org_ID>0</AD_Org_ID>
                    <Version>1.000000000000</Version>
                    <Name>Origin Column</Name>
                    <Description>Column in the origin table selected</Description>
                    <Help>Link to the database column of the table</Help>
                    <AD_Val_Rule_ID reference="uuid" reference-key="AD_Val_Rule">95642c6d-82a8-4cb5-a6ca-6e90c382afaa</AD_Val_Rule_ID>
                    <ColumnName>AD_Column_ID</ColumnName>
                    <DefaultValue/>
                    <FieldLength>22</FieldLength>
                    <IsKey>N</IsKey>
                    <IsParent>N</IsParent>
                    <IsMandatory>Y</IsMandatory>
                    <IsTranslated>N</IsTranslated>
                    <IsIdentifier>N</IsIdentifier>
                    <SeqNo>0</SeqNo>
                    <IsEncrypted>N</IsEncrypted>
                    <AD_Reference_ID reference="id">19</AD_Reference_ID>
                    <IsActive>Y</IsActive>
                    <VFormat/>
                    <Callout/>
                    <AD_Element_ID reference="id">104</AD_Element_ID>
                    <IsUpdateable>Y</IsUpdateable>
                    <AD_Process_ID reference="id"/>
                    <ValueMin/>
                    <ValueMax/>
                    <IsSelectionColumn>N</IsSelectionColumn>
                    <ReadOnlyLogic/>
                    <EntityType>DMS</EntityType>
                    <IsAlwaysUpdateable>N</IsAlwaysUpdateable>
                    <ColumnSQL/>
                    <MandatoryLogic/>
                    <IsAutocomplete>N</IsAutocomplete>
                    <IsAllowLogging>Y</IsAllowLogging>
                    <FormatPattern/>
                    <AD_Chart_ID reference="id"/>
                    <AD_Column_UU>b94157e3-61a8-4dd4-8512-2e97f149fdda</AD_Column_UU>
                    <IsAllowCopy>N</IsAllowCopy>
                    <SeqNoSelection/>
                    <IsToolbarButton>N</IsToolbarButton>
                    <IsSecure>N</IsSecure>
                    <FKConstraintName>ADColumn_OriginColumn_ID</FKConstraintName>
                    <FKConstraintType>N</FKConstraintType>
                    <PA_DashboardContent_ID reference="id"/>
                    <Placeholder/>
                </AD_Column>
                <AD_Element type="table">
                    <AD_Client_ID>0</AD_Client_ID>
                    <AD_Org_ID>0</AD_Org_ID>
                    <IsActive>Y</IsActive>
                    <ColumnName>DMS_Substitute_UU</ColumnName>
                    <Name>DMS_Substitute_UU</Name>
                    <Description/>
                    <Help/>
                    <PrintName>DMS_Substitute_UU</PrintName>
                    <PO_Description/>
                    <PO_Help/>
                    <PO_Name/>
                    <PO_PrintName/>
                    <EntityType>DMS</EntityType>
                    <AD_Element_UU>86096bf9-1189-477b-b88c-0e5f91a8cd76</AD_Element_UU>
                    <Placeholder/>
                    <AD_Element_Trl type="translation">
                        <Help/>
                        <PO_Description/>
                        <PO_Help/>
                        <Name>DMS_Substitude_UU</Name>
                        <Description/>
                        <PrintName>DMS_Substitude_UU</PrintName>
                        <PO_Name/>
                        <PO_PrintName/>
                        <Placeholder/>
                        <AD_Language>es_CO</AD_Language>
                        <IsActive>Y</IsActive>
                        <IsTranslated>N</IsTranslated>
                    </AD_Element_Trl>
                </AD_Element>
                <AD_Column type="table">
                    <IsSyncDatabase>Y</IsSyncDatabase>
                    <AD_Table_ID reference="uuid" reference-key="AD_Table">5a1ad03b-cd8c-47a5-91b7-e438b772ab20</AD_Table_ID>
                    <AD_Reference_Value_ID reference="id"/>
                    <AD_Client_ID>0</AD_Client_ID>
                    <AD_Org_ID>0</AD_Org_ID>
                    <Version>1.00</Version>
                    <Name>DMS_Substitute_UU</Name>
                    <Description/>
                    <Help/>
                    <AD_Val_Rule_ID reference="id"/>
                    <ColumnName>DMS_Substitute_UU</ColumnName>
                    <DefaultValue/>
                    <FieldLength>36</FieldLength>
                    <IsKey>N</IsKey>
                    <IsParent>N</IsParent>
                    <IsMandatory>N</IsMandatory>
                    <IsTranslated>N</IsTranslated>
                    <IsIdentifier>N</IsIdentifier>
                    <SeqNo/>
                    <IsEncrypted>N</IsEncrypted>
                    <AD_Reference_ID reference="id">10</AD_Reference_ID>
                    <IsActive>Y</IsActive>
                    <VFormat/>
                    <Callout/>
                    <AD_Element_ID reference="uuid" reference-key="AD_Element">86096bf9-1189-477b-b88c-0e5f91a8cd76</AD_Element_ID>
                    <IsUpdateable>Y</IsUpdateable>
                    <AD_Process_ID reference="id"/>
                    <ValueMin/>
                    <ValueMax/>
                    <IsSelectionColumn>N</IsSelectionColumn>
                    <ReadOnlyLogic/>
                    <EntityType>DMS</EntityType>
                    <IsAlwaysUpdateable>N</IsAlwaysUpdateable>
                    <ColumnSQL/>
                    <MandatoryLogic/>
                    <IsAutocomplete>N</IsAutocomplete>
                    <IsAllowLogging>Y</IsAllowLogging>
                    <FormatPattern/>
                    <AD_Chart_ID reference="id"/>
                    <AD_Column_UU>3f1bddfb-3d1a-4447-9e40-3563d3584040</AD_Column_UU>
                    <IsAllowCopy>N</IsAllowCopy>
                    <SeqNoSelection/>
                    <IsToolbarButton>N</IsToolbarButton>
                    <IsSecure>N</IsSecure>
                    <FKConstraintName/>
                    <FKConstraintType>N</FKConstraintType>
                    <PA_DashboardContent_ID reference="id"/>
                    <Placeholder/>
                </AD_Column>
                <AD_Column type="table">
                    <IsSyncDatabase>Y</IsSyncDatabase>
                    <AD_Table_ID reference="uuid" reference-key="AD_Table">5a1ad03b-cd8c-47a5-91b7-e438b772ab20</AD_Table_ID>
                    <AD_Reference_Value_ID reference="id"/>
                    <AD_Client_ID>0</AD_Client_ID>
                    <AD_Org_ID>0</AD_Org_ID>
                    <Version>1.000000000000</Version>
                    <Name>Origin Table</Name>
                    <Description>Database Table information</Description>
                    <Help>The Database Table provides the information of the table definition</Help>
                    <AD_Val_Rule_ID reference="id"/>
                    <ColumnName>AD_Table_ID</ColumnName>
                    <DefaultValue/>
                    <FieldLength>10</FieldLength>
                    <IsKey>N</IsKey>
                    <IsParent>N</IsParent>
                    <IsMandatory>Y</IsMandatory>
                    <IsTranslated>N</IsTranslated>
                    <IsIdentifier>N</IsIdentifier>
                    <SeqNo>0</SeqNo>
                    <IsEncrypted>N</IsEncrypted>
                    <AD_Reference_ID reference="id">19</AD_Reference_ID>
                    <IsActive>Y</IsActive>
                    <VFormat/>
                    <Callout/>
                    <AD_Element_ID reference="id">126</AD_Element_ID>
                    <IsUpdateable>Y</IsUpdateable>
                    <AD_Process_ID reference="id"/>
                    <ValueMin/>
                    <ValueMax/>
                    <IsSelectionColumn>N</IsSelectionColumn>
                    <ReadOnlyLogic/>
                    <EntityType>DMS</EntityType>
                    <IsAlwaysUpdateable>N</IsAlwaysUpdateable>
                    <ColumnSQL/>
                    <MandatoryLogic/>
                    <IsAutocomplete>N</IsAutocomplete>
                    <IsAllowLogging>Y</IsAllowLogging>
                    <FormatPattern/>
                    <AD_Chart_ID reference="id"/>
                    <AD_Column_UU>b6b1d153-778f-4e9e-ad9a-5c52d4d1fed5</AD_Column_UU>
                    <IsAllowCopy>Y</IsAllowCopy>
                    <SeqNoSelection/>
                    <IsToolbarButton>N</IsToolbarButton>
                    <IsSecure>N</IsSecure>
                    <FKConstraintName>ADTable_OriginTable_ID</FKConstraintName>
                    <FKConstraintType>N</FKConstraintType>
                    <PA_DashboardContent_ID reference="id"/>
                    <Placeholder/>
                </AD_Column>
                <AD_Column type="table">
                    <IsSyncDatabase>Y</IsSyncDatabase>
                    <AD_Table_ID reference="uuid" reference-key="AD_Table">5a1ad03b-cd8c-47a5-91b7-e438b772ab20</AD_Table_ID>
                    <AD_Reference_Value_ID reference="id"/>
                    <AD_Client_ID>0</AD_Client_ID>
                    <AD_Org_ID>0</AD_Org_ID>
                    <Version>1.000000000000</Version>
                    <Name>Created</Name>
                    <Description>Date this record was created</Description>
                    <Help>The Created field indicates the date that this record was created.</Help>
                    <AD_Val_Rule_ID reference="id"/>
                    <ColumnName>Created</ColumnName>
                    <DefaultValue>SYSDATE</DefaultValue>
                    <FieldLength>7</FieldLength>
                    <IsKey>N</IsKey>
                    <IsParent>N</IsParent>
                    <IsMandatory>Y</IsMandatory>
                    <IsTranslated>N</IsTranslated>
                    <IsIdentifier>N</IsIdentifier>
                    <SeqNo>0</SeqNo>
                    <IsEncrypted>N</IsEncrypted>
                    <AD_Reference_ID reference="id">16</AD_Reference_ID>
                    <IsActive>Y</IsActive>
                    <VFormat/>
                    <Callout/>
                    <AD_Element_ID reference="id">245</AD_Element_ID>
                    <IsUpdateable>N</IsUpdateable>
                    <AD_Process_ID reference="id"/>
                    <ValueMin/>
                    <ValueMax/>
                    <IsSelectionColumn>N</IsSelectionColumn>
                    <ReadOnlyLogic/>
                    <EntityType>DMS</EntityType>
                    <IsAlwaysUpdateable>N</IsAlwaysUpdateable>
                    <ColumnSQL/>
                    <MandatoryLogic/>
                    <IsAutocomplete>N</IsAutocomplete>
                    <IsAllowLogging>Y</IsAllowLogging>
                    <FormatPattern/>
                    <AD_Chart_ID reference="id"/>
                    <AD_Column_UU>d909ff9a-27fa-499f-9853-5325b9cffe13</AD_Column_UU>
                    <IsAllowCopy>N</IsAllowCopy>
                    <SeqNoSelection/>
                    <IsToolbarButton>N</IsToolbarButton>
                    <IsSecure>N</IsSecure>
                    <FKConstraintName/>
                    <FKConstraintType>N</FKConstraintType>
                    <PA_DashboardContent_ID reference="id"/>
                    <Placeholder/>
                </AD_Column>
                <AD_Column type="table">
                    <IsSyncDatabase>Y</IsSyncDatabase>
                    <AD_Table_ID reference="uuid" reference-key="AD_Table">5a1ad03b-cd8c-47a5-91b7-e438b772ab20</AD_Table_ID>
                    <AD_Reference_Value_ID reference="id">110</AD_Reference_Value_ID>
                    <AD_Client_ID>0</AD_Client_ID>
                    <AD_Org_ID>0</AD_Org_ID>
                    <Version>0</Version>
                    <Name>Created By</Name>
                    <Description>User who created this records</Description>
                    <Help>The Created By field indicates the user who created this record.</Help>
                    <AD_Val_Rule_ID reference="id"/>
                    <ColumnName>CreatedBy</ColumnName>
                    <DefaultValue/>
                    <FieldLength>22</FieldLength>
                    <IsKey>N</IsKey>
                    <IsParent>N</IsParent>
                    <IsMandatory>N</IsMandatory>
                    <IsTranslated>N</IsTranslated>
                    <IsIdentifier>N</IsIdentifier>
                    <SeqNo>0</SeqNo>
                    <IsEncrypted>N</IsEncrypted>
                    <AD_Reference_ID reference="id">18</AD_Reference_ID>
                    <IsActive>Y</IsActive>
                    <VFormat/>
                    <Callout/>
                    <AD_Element_ID reference="id">246</AD_Element_ID>
                    <IsUpdateable>N</IsUpdateable>
                    <AD_Process_ID reference="id"/>
                    <ValueMin/>
                    <ValueMax/>
                    <IsSelectionColumn>N</IsSelectionColumn>
                    <ReadOnlyLogic/>
                    <EntityType>DMS</EntityType>
                    <IsAlwaysUpdateable>N</IsAlwaysUpdateable>
                    <ColumnSQL/>
                    <MandatoryLogic/>
                    <IsAutocomplete>N</IsAutocomplete>
                    <IsAllowLogging>Y</IsAllowLogging>
                    <FormatPattern/>
                    <AD_Chart_ID reference="id"/>
                    <AD_Column_UU>e290f7dc-f596-43f6-95df-9e75d48af2cc</AD_Column_UU>
                    <IsAllowCopy>N</IsAllowCopy>
                    <SeqNoSelection/>
                    <IsToolbarButton>N</IsToolbarButton>
                    <IsSecure>N</IsSecure>
                    <FKConstraintName/>
                    <FKConstraintType>D</FKConstraintType>
                    <PA_DashboardContent_ID reference="id"/>
                    <Placeholder/>
                </AD_Column>
                <AD_Column type="table">
                    <IsSyncDatabase>Y</IsSyncDatabase>
                    <AD_Table_ID reference="uuid" reference-key="AD_Table">5a1ad03b-cd8c-47a5-91b7-e438b772ab20</AD_Table_ID>
                    <AD_Reference_Value_ID reference="id"/>
                    <AD_Client_ID>0</AD_Client_ID>
                    <AD_Org_ID>0</AD_Org_ID>
                    <Version>1.000000000000</Version>
                    <Name>Description</Name>
                    <Description>Optional short description of the record</Description>
                    <Help>A description is limited to 255 characters.</Help>
                    <AD_Val_Rule_ID reference="id"/>
                    <ColumnName>Description</ColumnName>
                    <DefaultValue/>
                    <FieldLength>255</FieldLength>
                    <IsKey>N</IsKey>
                    <IsParent>N</IsParent>
                    <IsMandatory>N</IsMandatory>
                    <IsTranslated>N</IsTranslated>
                    <IsIdentifier>N</IsIdentifier>
                    <SeqNo>0</SeqNo>
                    <IsEncrypted>N</IsEncrypted>
                    <AD_Reference_ID reference="id">10</AD_Reference_ID>
                    <IsActive>Y</IsActive>
                    <VFormat/>
                    <Callout/>
                    <AD_Element_ID reference="id">275</AD_Element_ID>
                    <IsUpdateable>Y</IsUpdateable>
                    <AD_Process_ID reference="id"/>
                    <ValueMin/>
                    <ValueMax/>
                    <IsSelectionColumn>Y</IsSelectionColumn>
                    <ReadOnlyLogic/>
                    <EntityType>DMS</EntityType>
                    <IsAlwaysUpdateable>N</IsAlwaysUpdateable>
                    <ColumnSQL/>
                    <MandatoryLogic/>
                    <IsAutocomplete>N</IsAutocomplete>
                    <IsAllowLogging>Y</IsAllowLogging>
                    <FormatPattern/>
                    <AD_Chart_ID reference="id"/>
                    <AD_Column_UU>1d5c6fde-894e-405a-b8d7-91010b99edcd</AD_Column_UU>
                    <IsAllowCopy>Y</IsAllowCopy>
                    <SeqNoSelection/>
                    <IsToolbarButton>N</IsToolbarButton>
                    <IsSecure>N</IsSecure>
                    <FKConstraintName/>
                    <FKConstraintType>N</FKConstraintType>
                    <PA_DashboardContent_ID reference="id"/>
                    <Placeholder/>
                </AD_Column>
                <AD_Column type="table">
                    <IsSyncDatabase>Y</IsSyncDatabase>
                    <AD_Table_ID reference="uuid" reference-key="AD_Table">5a1ad03b-cd8c-47a5-91b7-e438b772ab20</AD_Table_ID>
                    <AD_Reference_Value_ID reference="id"/>
                    <AD_Client_ID>0</AD_Client_ID>
                    <AD_Org_ID>0</AD_Org_ID>
                    <Version>1.000000000000</Version>
                    <Name>Active</Name>
                    <Description>The record is active in the system</Description>
                    <Help>There are two methods of making records unavailable in the system: One is to delete the record, the other is to de-activate the record. A de-activated record is not available for selection, but available for reports.
There are two reasons for de-activating and not deleting records:
(1) The system requires the record for audit purposes.
(2) The record is referenced by other records. E.g., you cannot delete a Business Partner, if there are invoices for this partner record existing. You de-activate the Business Partner and prevent that this record is used for future entries.</Help>
                    <AD_Val_Rule_ID reference="id"/>
                    <ColumnName>IsActive</ColumnName>
                    <DefaultValue>Y</DefaultValue>
                    <FieldLength>1</FieldLength>
                    <IsKey>N</IsKey>
                    <IsParent>N</IsParent>
                    <IsMandatory>Y</IsMandatory>
                    <IsTranslated>N</IsTranslated>
                    <IsIdentifier>N</IsIdentifier>
                    <SeqNo>0</SeqNo>
                    <IsEncrypted>N</IsEncrypted>
                    <AD_Reference_ID reference="id">20</AD_Reference_ID>
                    <IsActive>Y</IsActive>
                    <VFormat/>
                    <Callout/>
                    <AD_Element_ID reference="id">348</AD_Element_ID>
                    <IsUpdateable>Y</IsUpdateable>
                    <AD_Process_ID reference="id"/>
                    <ValueMin/>
                    <ValueMax/>
                    <IsSelectionColumn>N</IsSelectionColumn>
                    <ReadOnlyLogic/>
                    <EntityType>DMS</EntityType>
                    <IsAlwaysUpdateable>N</IsAlwaysUpdateable>
                    <ColumnSQL/>
                    <MandatoryLogic/>
                    <IsAutocomplete>N</IsAutocomplete>
                    <IsAllowLogging>Y</IsAllowLogging>
                    <FormatPattern/>
                    <AD_Chart_ID reference="id"/>
                    <AD_Column_UU>718c05d3-6c6d-438e-8e5f-55374ddf7190</AD_Column_UU>
                    <IsAllowCopy>N</IsAllowCopy>
                    <SeqNoSelection/>
                    <IsToolbarButton>N</IsToolbarButton>
                    <IsSecure>N</IsSecure>
                    <FKConstraintName/>
                    <FKConstraintType>N</FKConstraintType>
                    <PA_DashboardContent_ID reference="id"/>
                    <Placeholder/>
                </AD_Column>
                <AD_Column type="table">
                    <IsSyncDatabase>Y</IsSyncDatabase>
                    <AD_Table_ID reference="uuid" reference-key="AD_Table">5a1ad03b-cd8c-47a5-91b7-e438b772ab20</AD_Table_ID>
                    <AD_Reference_Value_ID reference="id"/>
                    <AD_Client_ID>0</AD_Client_ID>
                    <AD_Org_ID>0</AD_Org_ID>
                    <Version>1.000000000000</Version>
                    <Name>Updated</Name>
                    <Description>Date this record was updated</Description>
                    <Help>The Updated field indicates the date that this record was updated.</Help>
                    <AD_Val_Rule_ID reference="id"/>
                    <ColumnName>Updated</ColumnName>
                    <DefaultValue>SYSDATE</DefaultValue>
                    <FieldLength>7</FieldLength>
                    <IsKey>N</IsKey>
                    <IsParent>N</IsParent>
                    <IsMandatory>Y</IsMandatory>
                    <IsTranslated>N</IsTranslated>
                    <IsIdentifier>N</IsIdentifier>
                    <SeqNo>0</SeqNo>
                    <IsEncrypted>N</IsEncrypted>
                    <AD_Reference_ID reference="id">16</AD_Reference_ID>
                    <IsActive>Y</IsActive>
                    <VFormat/>
                    <Callout/>
                    <AD_Element_ID reference="id">607</AD_Element_ID>
                    <IsUpdateable>N</IsUpdateable>
                    <AD_Process_ID reference="id"/>
                    <ValueMin/>
                    <ValueMax/>
                    <IsSelectionColumn>N</IsSelectionColumn>
                    <ReadOnlyLogic/>
                    <EntityType>DMS</EntityType>
                    <IsAlwaysUpdateable>N</IsAlwaysUpdateable>
                    <ColumnSQL/>
                    <MandatoryLogic/>
                    <IsAutocomplete>N</IsAutocomplete>
                    <IsAllowLogging>Y</IsAllowLogging>
                    <FormatPattern/>
                    <AD_Chart_ID reference="id"/>
                    <AD_Column_UU>303abe8a-9393-4001-86a2-8c122fc5ce57</AD_Column_UU>
                    <IsAllowCopy>N</IsAllowCopy>
                    <SeqNoSelection/>
                    <IsToolbarButton>N</IsToolbarButton>
                    <IsSecure>N</IsSecure>
                    <FKConstraintName/>
                    <FKConstraintType>N</FKConstraintType>
                    <PA_DashboardContent_ID reference="id"/>
                    <Placeholder/>
                </AD_Column>
                <AD_Column type="table">
                    <IsSyncDatabase>Y</IsSyncDatabase>
                    <AD_Table_ID reference="uuid" reference-key="AD_Table">5a1ad03b-cd8c-47a5-91b7-e438b772ab20</AD_Table_ID>
                    <AD_Reference_Value_ID reference="id">110</AD_Reference_Value_ID>
                    <AD_Client_ID>0</AD_Client_ID>
                    <AD_Org_ID>0</AD_Org_ID>
                    <Version>1.000000000000</Version>
                    <Name>Updated By</Name>
                    <Description>User who updated this records</Description>
                    <Help>The Updated By field indicates the user who updated this record.</Help>
                    <AD_Val_Rule_ID reference="id"/>
                    <ColumnName>UpdatedBy</ColumnName>
                    <DefaultValue/>
                    <FieldLength>22</FieldLength>
                    <IsKey>N</IsKey>
                    <IsParent>N</IsParent>
                    <IsMandatory>Y</IsMandatory>
                    <IsTranslated>N</IsTranslated>
                    <IsIdentifier>N</IsIdentifier>
                    <SeqNo>0</SeqNo>
                    <IsEncrypted>N</IsEncrypted>
                    <AD_Reference_ID reference="id">18</AD_Reference_ID>
                    <IsActive>Y</IsActive>
                    <VFormat/>
                    <Callout/>
                    <AD_Element_ID reference="id">608</AD_Element_ID>
                    <IsUpdateable>N</IsUpdateable>
                    <AD_Process_ID reference="id"/>
                    <ValueMin/>
                    <ValueMax/>
                    <IsSelectionColumn>N</IsSelectionColumn>
                    <ReadOnlyLogic/>
                    <EntityType>DMS</EntityType>
                    <IsAlwaysUpdateable>N</IsAlwaysUpdateable>
                    <ColumnSQL/>
                    <MandatoryLogic/>
                    <IsAutocomplete>N</IsAutocomplete>
                    <IsAllowLogging>Y</IsAllowLogging>
                    <FormatPattern/>
                    <AD_Chart_ID reference="id"/>
                    <AD_Column_UU>2ce81de2-4813-471e-99b4-5446bf05c498</AD_Column_UU>
                    <IsAllowCopy>N</IsAllowCopy>
                    <SeqNoSelection/>
                    <IsToolbarButton>N</IsToolbarButton>
                    <IsSecure>N</IsSecure>
                    <FKConstraintName/>
                    <FKConstraintType>D</FKConstraintType>
                    <PA_DashboardContent_ID reference="id"/>
                    <Placeholder/>
                </AD_Column>
                <AD_Element type="table">
                    <AD_Client_ID>0</AD_Client_ID>
                    <AD_Org_ID>0</AD_Org_ID>
                    <IsActive>Y</IsActive>
                    <ColumnName>DMS_Substitute_Table_ID</ColumnName>
                    <Name>Substitute Table</Name>
                    <Description>Database Table information</Description>
                    <Help>The Database Table provides the information of the table definition</Help>
                    <PrintName>Substitute Table</PrintName>
                    <PO_Description/>
                    <PO_Help/>
                    <PO_Name/>
                    <PO_PrintName/>
                    <EntityType>D</EntityType>
                    <AD_Element_UU>e72bbec7-d6d3-44a0-a8aa-9aabdcae726c</AD_Element_UU>
                    <Placeholder/>
                    <AD_Element_Trl type="translation">
                        <Help>The Database Table provides the information of the table definition</Help>
                        <PO_Description/>
                        <PO_Help/>
                        <Name>FromTable_ID</Name>
                        <Description>Database Table information</Description>
                        <PrintName>From Table ID</PrintName>
                        <PO_Name/>
                        <PO_PrintName/>
                        <Placeholder/>
                        <AD_Language>es_CO</AD_Language>
                        <IsActive>Y</IsActive>
                        <IsTranslated>N</IsTranslated>
                    </AD_Element_Trl>
                </AD_Element>
                <AD_Val_Rule type="table">
                    <AD_Client_ID>0</AD_Client_ID>
                    <AD_Org_ID>0</AD_Org_ID>
                    <Name>DMSSubstitute_SubstituteTable</Name>
                    <Description/>
                    <Type>S</Type>
                    <Code>AD_Table.AD_Table_ID != @AD_Table_ID@ AND AD_Table.IsActive='Y'</Code>
                    <IsActive>Y</IsActive>
                    <EntityType>U</EntityType>
                    <AD_Val_Rule_UU>ddc33530-c17a-4d43-a578-45eebe3f1ef0</AD_Val_Rule_UU>
                </AD_Val_Rule>
                <AD_Column type="table">
                    <IsSyncDatabase>Y</IsSyncDatabase>
                    <AD_Table_ID reference="uuid" reference-key="AD_Table">5a1ad03b-cd8c-47a5-91b7-e438b772ab20</AD_Table_ID>
                    <AD_Reference_Value_ID reference="id">53290</AD_Reference_Value_ID>
                    <AD_Client_ID>0</AD_Client_ID>
                    <AD_Org_ID>0</AD_Org_ID>
                    <Version>1.000000000000</Version>
                    <Name>Substitute Table</Name>
                    <Description>Substitute Table information</Description>
                    <Help>The Database Table provides the information of the table definition</Help>
                    <AD_Val_Rule_ID reference="uuid" reference-key="AD_Val_Rule">ddc33530-c17a-4d43-a578-45eebe3f1ef0</AD_Val_Rule_ID>
                    <ColumnName>DMS_Substitute_Table_ID</ColumnName>
                    <DefaultValue/>
                    <FieldLength>10</FieldLength>
                    <IsKey>N</IsKey>
                    <IsParent>N</IsParent>
                    <IsMandatory>Y</IsMandatory>
                    <IsTranslated>N</IsTranslated>
                    <IsIdentifier>N</IsIdentifier>
                    <SeqNo>0</SeqNo>
                    <IsEncrypted>N</IsEncrypted>
                    <AD_Reference_ID reference="id">18</AD_Reference_ID>
                    <IsActive>Y</IsActive>
                    <VFormat/>
                    <Callout/>
                    <AD_Element_ID reference="uuid" reference-key="AD_Element">e72bbec7-d6d3-44a0-a8aa-9aabdcae726c</AD_Element_ID>
                    <IsUpdateable>Y</IsUpdateable>
                    <AD_Process_ID reference="id"/>
                    <ValueMin/>
                    <ValueMax/>
                    <IsSelectionColumn>N</IsSelectionColumn>
                    <ReadOnlyLogic/>
                    <EntityType>DMS</EntityType>
                    <IsAlwaysUpdateable>N</IsAlwaysUpdateable>
                    <ColumnSQL/>
                    <MandatoryLogic/>
                    <IsAutocomplete>N</IsAutocomplete>
                    <IsAllowLogging>Y</IsAllowLogging>
                    <FormatPattern/>
                    <AD_Chart_ID reference="id"/>
                    <AD_Column_UU>67c05469-6e20-4e47-bddf-1551d19945ca</AD_Column_UU>
                    <IsAllowCopy>Y</IsAllowCopy>
                    <SeqNoSelection/>
                    <IsToolbarButton>N</IsToolbarButton>
                    <IsSecure>N</IsSecure>
                    <FKConstraintName>ADTable_SubstituteTable_ID</FKConstraintName>
                    <FKConstraintType>N</FKConstraintType>
                    <PA_DashboardContent_ID reference="id"/>
                    <Placeholder/>
                </AD_Column>
                <AD_Column type="table">
                    <IsSyncDatabase>Y</IsSyncDatabase>
                    <AD_Table_ID reference="uuid" reference-key="AD_Table">5a1ad03b-cd8c-47a5-91b7-e438b772ab20</AD_Table_ID>
                    <AD_Reference_Value_ID reference="id"/>
                    <AD_Client_ID>0</AD_Client_ID>
                    <AD_Org_ID>0</AD_Org_ID>
                    <Version>0</Version>
                    <Name>Client</Name>
                    <Description>Client/Tenant for this installation.</Description>
                    <Help>A Client is a company or a legal entity. You cannot share data between Clients. Tenant is a synonym for Client.</Help>
                    <AD_Val_Rule_ID reference="id">129</AD_Val_Rule_ID>
                    <ColumnName>AD_Client_ID</ColumnName>
                    <DefaultValue>@#AD_Client_ID@</DefaultValue>
                    <FieldLength>22</FieldLength>
                    <IsKey>N</IsKey>
                    <IsParent>N</IsParent>
                    <IsMandatory>Y</IsMandatory>
                    <IsTranslated>N</IsTranslated>
                    <IsIdentifier>N</IsIdentifier>
                    <SeqNo>0</SeqNo>
                    <IsEncrypted>N</IsEncrypted>
                    <AD_Reference_ID reference="id">19</AD_Reference_ID>
                    <IsActive>Y</IsActive>
                    <VFormat/>
                    <Callout/>
                    <AD_Element_ID reference="id">102</AD_Element_ID>
                    <IsUpdateable>N</IsUpdateable>
                    <AD_Process_ID reference="id"/>
                    <ValueMin/>
                    <ValueMax/>
                    <IsSelectionColumn>N</IsSelectionColumn>
                    <ReadOnlyLogic/>
                    <EntityType>DMS</EntityType>
                    <IsAlwaysUpdateable>N</IsAlwaysUpdateable>
                    <ColumnSQL/>
                    <MandatoryLogic/>
                    <IsAutocomplete>N</IsAutocomplete>
                    <IsAllowLogging>Y</IsAllowLogging>
                    <FormatPattern/>
                    <AD_Chart_ID reference="id"/>
                    <AD_Column_UU>6a49b51c-f764-41eb-a6f5-e8decac7e7a1</AD_Column_UU>
                    <IsAllowCopy>N</IsAllowCopy>
                    <SeqNoSelection>0</SeqNoSelection>
                    <IsToolbarButton>N</IsToolbarButton>
                    <IsSecure>N</IsSecure>
                    <FKConstraintName/>
                    <FKConstraintType>D</FKConstraintType>
                    <PA_DashboardContent_ID reference="id"/>
                    <Placeholder/>
                </AD_Column>
                <AD_Column type="table">
                    <IsSyncDatabase>Y</IsSyncDatabase>
                    <AD_Table_ID reference="uuid" reference-key="AD_Table">5a1ad03b-cd8c-47a5-91b7-e438b772ab20</AD_Table_ID>
                    <AD_Reference_Value_ID reference="id"/>
                    <AD_Client_ID>0</AD_Client_ID>
                    <AD_Org_ID>0</AD_Org_ID>
                    <Version>0</Version>
                    <Name>Organization</Name>
                    <Description>Organizational entity within client</Description>
                    <Help>An organization is a unit of your client or legal entity - examples are store, department. You can share data between organizations.</Help>
                    <AD_Val_Rule_ID reference="id">104</AD_Val_Rule_ID>
                    <ColumnName>AD_Org_ID</ColumnName>
                    <DefaultValue>@#AD_Org_ID@</DefaultValue>
                    <FieldLength>22</FieldLength>
                    <IsKey>N</IsKey>
                    <IsParent>N</IsParent>
                    <IsMandatory>Y</IsMandatory>
                    <IsTranslated>N</IsTranslated>
                    <IsIdentifier>N</IsIdentifier>
                    <SeqNo>0</SeqNo>
                    <IsEncrypted>N</IsEncrypted>
                    <AD_Reference_ID reference="id">19</AD_Reference_ID>
                    <IsActive>Y</IsActive>
                    <VFormat/>
                    <Callout/>
                    <AD_Element_ID reference="id">113</AD_Element_ID>
                    <IsUpdateable>N</IsUpdateable>
                    <AD_Process_ID reference="id"/>
                    <ValueMin/>
                    <ValueMax/>
                    <IsSelectionColumn>N</IsSelectionColumn>
                    <ReadOnlyLogic/>
                    <EntityType>DMS</EntityType>
                    <IsAlwaysUpdateable>N</IsAlwaysUpdateable>
                    <ColumnSQL/>
                    <MandatoryLogic/>
                    <IsAutocomplete>N</IsAutocomplete>
                    <IsAllowLogging>Y</IsAllowLogging>
                    <FormatPattern/>
                    <AD_Chart_ID reference="id"/>
                    <AD_Column_UU>952c1be8-c3b7-4c94-8523-59fbfc913c86</AD_Column_UU>
                    <IsAllowCopy>N</IsAllowCopy>
                    <SeqNoSelection>0</SeqNoSelection>
                    <IsToolbarButton>N</IsToolbarButton>
                    <IsSecure>N</IsSecure>
                    <FKConstraintName/>
                    <FKConstraintType>D</FKConstraintType>
                    <PA_DashboardContent_ID reference="id"/>
                    <Placeholder/>
                </AD_Column>
                <AD_Column type="table">
                    <IsSyncDatabase>Y</IsSyncDatabase>
                    <AD_Table_ID reference="uuid" reference-key="AD_Table">5a1ad03b-cd8c-47a5-91b7-e438b772ab20</AD_Table_ID>
                    <AD_Reference_Value_ID reference="id"/>
                    <AD_Client_ID>0</AD_Client_ID>
                    <AD_Org_ID>0</AD_Org_ID>
                    <Version>0</Version>
                    <Name>Note</Name>
                    <Description>Optional additional user defined information</Description>
                    <Help>The Note field allows for optional entry of user defined information regarding this record</Help>
                    <AD_Val_Rule_ID reference="id"/>
                    <ColumnName>Note</ColumnName>
                    <DefaultValue/>
                    <FieldLength>2000</FieldLength>
                    <IsKey>N</IsKey>
                    <IsParent>N</IsParent>
                    <IsMandatory>N</IsMandatory>
                    <IsTranslated>N</IsTranslated>
                    <IsIdentifier>N</IsIdentifier>
                    <SeqNo>0</SeqNo>
                    <IsEncrypted>N</IsEncrypted>
                    <AD_Reference_ID reference="id">14</AD_Reference_ID>
                    <IsActive>Y</IsActive>
                    <VFormat/>
                    <Callout/>
                    <AD_Element_ID reference="id">1115</AD_Element_ID>
                    <IsUpdateable>N</IsUpdateable>
                    <AD_Process_ID reference="id"/>
                    <ValueMin/>
                    <ValueMax/>
                    <IsSelectionColumn>N</IsSelectionColumn>
                    <ReadOnlyLogic/>
                    <EntityType>DMS</EntityType>
                    <IsAlwaysUpdateable>N</IsAlwaysUpdateable>
                    <ColumnSQL>(SELECT CONCAT((SELECT TableName FROM AD_Table WHERE AD_Table_ID=DMS_Substitute.DMS_Substitute_Table_ID ), ' is used as a substitute for ',(SELECT TableName FROM AD_Table WHERE AD_Table_ID=DMS_Substitute.AD_Table_ID), ' [ ', (SELECT ColumnName FROM AD_Column WHERE AD_Column_ID=DMS_Substitute.AD_Column_ID), ' Column ].  Be careful while using configuration...!!!'))</ColumnSQL>
                    <MandatoryLogic/>
                    <IsAutocomplete>N</IsAutocomplete>
                    <IsAllowLogging>Y</IsAllowLogging>
                    <FormatPattern/>
                    <AD_Chart_ID reference="id"/>
                    <AD_Column_UU>5b7cdc19-324e-4b08-afcc-16e1003941a4</AD_Column_UU>
                    <IsAllowCopy>N</IsAllowCopy>
                    <SeqNoSelection>0</SeqNoSelection>
                    <IsToolbarButton>N</IsToolbarButton>
                    <IsSecure>N</IsSecure>
                    <FKConstraintName/>
                    <FKConstraintType/>
                    <PA_DashboardContent_ID reference="id"/>
                    <Placeholder/>
                </AD_Column>
                <AD_Message type="table">
                    <AD_Client_ID>0</AD_Client_ID>
                    <AD_Org_ID>0</AD_Org_ID>
                    <MsgType>I</MsgType>
                    <MsgText>Substitute configuration with selected Origin Table already exists.</MsgText>
                    <MsgTip/>
                    <IsActive>Y</IsActive>
                    <Value>DMS_Substitute_AD_Table_Unique_Msg</Value>
                    <EntityType>DMS</EntityType>
                    <AD_Message_UU>c275ec06-c6f9-45e0-8f8b-69ac1ff40ae3</AD_Message_UU>
                    <AD_Message_Trl type="translation">
                        <MsgText>Substitute record with selected Origin Table already exist.</MsgText>
                        <MsgTip/>
                        <AD_Language>es_CO</AD_Language>
                        <IsActive>Y</IsActive>
                        <IsTranslated>N</IsTranslated>
                    </AD_Message_Trl>
                </AD_Message>
                <AD_TableIndex type="table">
                    <AD_Client_ID>0</AD_Client_ID>
                    <AD_Org_ID>0</AD_Org_ID>
                    <AD_TableIndex_UU>b7b38ba5-b039-4d48-b83b-49c01f383f28</AD_TableIndex_UU>
                    <Description/>
                    <EntityType>DMS</EntityType>
                    <IsActive>Y</IsActive>
                    <Name>DMS_Substitute_AD_Table_Unique</Name>
                    <AD_Table_ID reference="uuid" reference-key="AD_Table">5a1ad03b-cd8c-47a5-91b7-e438b772ab20</AD_Table_ID>
                    <Help/>
                    <IsCreateConstraint>Y</IsCreateConstraint>
                    <IsUnique>Y</IsUnique>
                    <Processing>N</Processing>
                    <AD_Message_ID reference="uuid" reference-key="AD_Message">c275ec06-c6f9-45e0-8f8b-69ac1ff40ae3</AD_Message_ID>
                    <TableIndexDrop>N</TableIndexDrop>
                    <IsKey>N</IsKey>
                    <AD_IndexColumn type="table">
                        <AD_Client_ID>0</AD_Client_ID>
                        <AD_Org_ID>0</AD_Org_ID>
                        <AD_IndexColumn_UU>bdd7ea47-c34e-4d59-8d04-4cce17842e15</AD_IndexColumn_UU>
                        <EntityType>DMS</EntityType>
                        <IsActive>Y</IsActive>
                        <AD_Column_ID reference="uuid" reference-key="AD_Column">b6b1d153-778f-4e9e-ad9a-5c52d4d1fed5</AD_Column_ID>
                        <AD_TableIndex_ID reference="uuid" reference-key="AD_TableIndex">b7b38ba5-b039-4d48-b83b-49c01f383f28</AD_TableIndex_ID>
                        <ColumnSQL/>
                        <SeqNo>1</SeqNo>
                    </AD_IndexColumn>
                </AD_TableIndex>
            </AD_Table>
            <AD_Tab type="table">
                <AD_Client_ID>0</AD_Client_ID>
                <AD_Org_ID>0</AD_Org_ID>
                <Name>DMS Substitute</Name>
                <Description>DMS Substitute</Description>
                <Help/>
                <AD_Window_ID reference="uuid" reference-key="AD_Window">4c0d0bb0-7b06-41e0-a247-ab198d64a767</AD_Window_ID>
                <SeqNo>10</SeqNo>
                <IsSingleRow>Y</IsSingleRow>
                <AD_Table_ID reference="uuid" reference-key="AD_Table">5a1ad03b-cd8c-47a5-91b7-e438b772ab20</AD_Table_ID>
                <IsActive>Y</IsActive>
                <HasTree>N</HasTree>
                <IsInfoTab>N</IsInfoTab>
                <IsTranslationTab>N</IsTranslationTab>
                <IsReadOnly>N</IsReadOnly>
                <AD_Column_ID reference="id"/>
                <WhereClause/>
                <OrderByClause/>
                <CommitWarning/>
                <AD_Process_ID reference="id"/>
                <Processing>N</Processing>
                <AD_Image_ID reference="id"/>
                <ImportFields>N</ImportFields>
                <TabLevel>0</TabLevel>
                <IsSortTab>N</IsSortTab>
                <AD_ColumnSortYesNo_ID reference="id"/>
                <AD_ColumnSortOrder_ID reference="id"/>
                <EntityType>DMS</EntityType>
                <Included_Tab_ID reference="id"/>
                <ReadOnlyLogic/>
                <DisplayLogic/>
                <IsInsertRecord>Y</IsInsertRecord>
                <IsAdvancedTab>N</IsAdvancedTab>
                <Parent_Column_ID reference="id"/>
                <AD_Tab_UU>e6323c61-6526-4c42-8400-a1ffccac87dc</AD_Tab_UU>
                <AD_CtxHelp_ID reference="id"/>
                <TreeDisplayedOn>B</TreeDisplayedOn>
                <AD_TabType/>
                <PageSize>0</PageSize>
                <DetailPageSize>0</DetailPageSize>
                <AD_Tab_Trl type="translation">
                    <Help/>
                    <CommitWarning/>
                    <Name>DMS Substitude</Name>
                    <Description>DMS Substitude</Description>
                    <AD_Language>es_CO</AD_Language>
                    <IsActive>Y</IsActive>
                    <IsTranslated>N</IsTranslated>
                </AD_Tab_Trl>
                <AD_Field type="table">
                    <AD_Client_ID>0</AD_Client_ID>
                    <AD_Org_ID>0</AD_Org_ID>
                    <Name>DMS_Substitute_UU</Name>
                    <Description/>
                    <Help/>
                    <AD_Tab_ID reference="uuid" reference-key="AD_Tab">e6323c61-6526-4c42-8400-a1ffccac87dc</AD_Tab_ID>
                    <AD_Column_ID reference="uuid" reference-key="AD_Column">3f1bddfb-3d1a-4447-9e40-3563d3584040</AD_Column_ID>
                    <IsDisplayed>N</IsDisplayed>
                    <DisplayLogic/>
                    <DisplayLength>36</DisplayLength>
                    <SeqNo>0</SeqNo>
                    <SortNo/>
                    <IsSameLine>N</IsSameLine>
                    <IsHeading>N</IsHeading>
                    <IsFieldOnly>N</IsFieldOnly>
                    <IsEncrypted>N</IsEncrypted>
                    <IsActive>Y</IsActive>
                    <IsReadOnly>N</IsReadOnly>
                    <IsCentrallyMaintained>Y</IsCentrallyMaintained>
                    <AD_FieldGroup_ID reference="id"/>
                    <EntityType>DMS</EntityType>
                    <ObscureType/>
                    <AD_Reference_ID reference="id"/>
                    <IsMandatory/>
                    <DefaultValue/>
                    <AD_Reference_Value_ID reference="id"/>
                    <AD_Val_Rule_ID reference="id"/>
                    <Included_Tab_ID reference="id"/>
                    <AD_Field_UU>217689d7-7496-4ca5-8872-f9990e6b5d4a</AD_Field_UU>
                    <IsAllowCopy/>
                    <IsDisplayedGrid>N</IsDisplayedGrid>
                    <SeqNoGrid/>
                    <XPosition>1</XPosition>
                    <ColumnSpan>2</ColumnSpan>
                    <NumLines>1</NumLines>
                    <IsQuickEntry>N</IsQuickEntry>
                    <IsUpdateable/>
                    <IsAlwaysUpdateable/>
                    <MandatoryLogic/>
                    <ReadOnlyLogic/>
                    <IsToolbarButton/>
                    <IsDefaultFocus>N</IsDefaultFocus>
                    <IsAdvancedField>N</IsAdvancedField>
                    <VFormat/>
                    <AD_LabelStyle_ID reference="id"/>
                    <AD_FieldStyle_ID reference="id"/>
                    <IsQuickForm>N</IsQuickForm>
                    <Placeholder/>
                    <AD_Field_Trl type="translation">
                        <Help/>
                        <Description/>
                        <Name>DMS_Substitude_UU</Name>
                        <Placeholder/>
                        <AD_Language>es_CO</AD_Language>
                        <IsActive>Y</IsActive>
                        <IsTranslated>N</IsTranslated>
                    </AD_Field_Trl>
                </AD_Field>
                <AD_Field type="table">
                    <AD_Client_ID>0</AD_Client_ID>
                    <AD_Org_ID>0</AD_Org_ID>
                    <Name>DMS Substitute</Name>
                    <Description/>
                    <Help/>
                    <AD_Tab_ID reference="uuid" reference-key="AD_Tab">e6323c61-6526-4c42-8400-a1ffccac87dc</AD_Tab_ID>
                    <AD_Column_ID reference="uuid" reference-key="AD_Column">4daeeff9-bc0b-430a-93a6-36ee32fad930</AD_Column_ID>
                    <IsDisplayed>N</IsDisplayed>
                    <DisplayLogic/>
                    <DisplayLength>22</DisplayLength>
                    <SeqNo>0</SeqNo>
                    <SortNo/>
                    <IsSameLine>N</IsSameLine>
                    <IsHeading>N</IsHeading>
                    <IsFieldOnly>N</IsFieldOnly>
                    <IsEncrypted>N</IsEncrypted>
                    <IsActive>Y</IsActive>
                    <IsReadOnly>N</IsReadOnly>
                    <IsCentrallyMaintained>Y</IsCentrallyMaintained>
                    <AD_FieldGroup_ID reference="id"/>
                    <EntityType>DMS</EntityType>
                    <ObscureType/>
                    <AD_Reference_ID reference="id"/>
                    <IsMandatory/>
                    <DefaultValue/>
                    <AD_Reference_Value_ID reference="id"/>
                    <AD_Val_Rule_ID reference="id"/>
                    <Included_Tab_ID reference="id"/>
                    <AD_Field_UU>29975ee3-21ed-4984-98f5-6fb153b6d071</AD_Field_UU>
                    <IsAllowCopy/>
                    <IsDisplayedGrid>N</IsDisplayedGrid>
                    <SeqNoGrid/>
                    <XPosition>1</XPosition>
                    <ColumnSpan>2</ColumnSpan>
                    <NumLines>1</NumLines>
                    <IsQuickEntry>N</IsQuickEntry>
                    <IsUpdateable/>
                    <IsAlwaysUpdateable/>
                    <MandatoryLogic/>
                    <ReadOnlyLogic/>
                    <IsToolbarButton/>
                    <IsDefaultFocus>N</IsDefaultFocus>
                    <IsAdvancedField>N</IsAdvancedField>
                    <VFormat/>
                    <AD_LabelStyle_ID reference="id"/>
                    <AD_FieldStyle_ID reference="id"/>
                    <IsQuickForm>N</IsQuickForm>
                    <Placeholder/>
                    <AD_Field_Trl type="translation">
                        <Help/>
                        <Description/>
                        <Name>DMS Substitude</Name>
                        <Placeholder/>
                        <AD_Language>es_CO</AD_Language>
                        <IsActive>Y</IsActive>
                        <IsTranslated>N</IsTranslated>
                    </AD_Field_Trl>
                </AD_Field>
                <AD_Field type="table">
                    <AD_Client_ID>0</AD_Client_ID>
                    <AD_Org_ID>0</AD_Org_ID>
                    <Name>Client</Name>
                    <Description>Client/Tenant for this installation.</Description>
                    <Help>A Client is a company or a legal entity. You cannot share data between Clients. Tenant is a synonym for Client.</Help>
                    <AD_Tab_ID reference="uuid" reference-key="AD_Tab">e6323c61-6526-4c42-8400-a1ffccac87dc</AD_Tab_ID>
                    <AD_Column_ID reference="uuid" reference-key="AD_Column">6a49b51c-f764-41eb-a6f5-e8decac7e7a1</AD_Column_ID>
                    <IsDisplayed>Y</IsDisplayed>
                    <DisplayLogic/>
                    <DisplayLength>22</DisplayLength>
                    <SeqNo>10</SeqNo>
                    <SortNo/>
                    <IsSameLine>N</IsSameLine>
                    <IsHeading>N</IsHeading>
                    <IsFieldOnly>N</IsFieldOnly>
                    <IsEncrypted>N</IsEncrypted>
                    <IsActive>Y</IsActive>
                    <IsReadOnly>Y</IsReadOnly>
                    <IsCentrallyMaintained>Y</IsCentrallyMaintained>
                    <AD_FieldGroup_ID reference="id"/>
                    <EntityType>DMS</EntityType>
                    <ObscureType/>
                    <AD_Reference_ID reference="id"/>
                    <IsMandatory/>
                    <DefaultValue/>
                    <AD_Reference_Value_ID reference="id"/>
                    <AD_Val_Rule_ID reference="id"/>
                    <Included_Tab_ID reference="id"/>
                    <AD_Field_UU>60ddba50-77fa-4878-8f35-7d8646adaa90</AD_Field_UU>
                    <IsAllowCopy/>
                    <IsDisplayedGrid>Y</IsDisplayedGrid>
                    <SeqNoGrid>70</SeqNoGrid>
                    <XPosition>1</XPosition>
                    <ColumnSpan>2</ColumnSpan>
                    <NumLines>1</NumLines>
                    <IsQuickEntry>N</IsQuickEntry>
                    <IsUpdateable/>
                    <IsAlwaysUpdateable/>
                    <MandatoryLogic/>
                    <ReadOnlyLogic/>
                    <IsToolbarButton/>
                    <IsDefaultFocus>N</IsDefaultFocus>
                    <IsAdvancedField>N</IsAdvancedField>
                    <VFormat/>
                    <AD_LabelStyle_ID reference="id"/>
                    <AD_FieldStyle_ID reference="id"/>
                    <IsQuickForm>N</IsQuickForm>
                    <Placeholder/>
                    <AD_Field_Trl type="translation">
                        <Help>A Client is a company or a legal entity. You cannot share data between Clients. Tenant is a synonym for Client.</Help>
                        <Description>Client/Tenant for this installation.</Description>
                        <Name>Client</Name>
                        <Placeholder/>
                        <AD_Language>es_CO</AD_Language>
                        <IsActive>Y</IsActive>
                        <IsTranslated>N</IsTranslated>
                    </AD_Field_Trl>
                </AD_Field>
                <AD_Field type="table">
                    <AD_Client_ID>0</AD_Client_ID>
                    <AD_Org_ID>0</AD_Org_ID>
                    <Name>Organization</Name>
                    <Description>Organizational entity within client</Description>
                    <Help>An organization is a unit of your client or legal entity - examples are store, department. You can share data between organizations.</Help>
                    <AD_Tab_ID reference="uuid" reference-key="AD_Tab">e6323c61-6526-4c42-8400-a1ffccac87dc</AD_Tab_ID>
                    <AD_Column_ID reference="uuid" reference-key="AD_Column">952c1be8-c3b7-4c94-8523-59fbfc913c86</AD_Column_ID>
                    <IsDisplayed>Y</IsDisplayed>
                    <DisplayLogic/>
                    <DisplayLength>22</DisplayLength>
                    <SeqNo>20</SeqNo>
                    <SortNo/>
                    <IsSameLine>N</IsSameLine>
                    <IsHeading>N</IsHeading>
                    <IsFieldOnly>N</IsFieldOnly>
                    <IsEncrypted>N</IsEncrypted>
                    <IsActive>Y</IsActive>
                    <IsReadOnly>Y</IsReadOnly>
                    <IsCentrallyMaintained>Y</IsCentrallyMaintained>
                    <AD_FieldGroup_ID reference="id"/>
                    <EntityType>DMS</EntityType>
                    <ObscureType/>
                    <AD_Reference_ID reference="id"/>
                    <IsMandatory/>
                    <DefaultValue/>
                    <AD_Reference_Value_ID reference="id"/>
                    <AD_Val_Rule_ID reference="id"/>
                    <Included_Tab_ID reference="id"/>
                    <AD_Field_UU>53d19ac3-d585-492a-9b7d-022003d3df29</AD_Field_UU>
                    <IsAllowCopy>Y</IsAllowCopy>
                    <IsDisplayedGrid>N</IsDisplayedGrid>
                    <SeqNoGrid/>
                    <XPosition>4</XPosition>
                    <ColumnSpan>2</ColumnSpan>
                    <NumLines>1</NumLines>
                    <IsQuickEntry>N</IsQuickEntry>
                    <IsUpdateable/>
                    <IsAlwaysUpdateable/>
                    <MandatoryLogic/>
                    <ReadOnlyLogic/>
                    <IsToolbarButton/>
                    <IsDefaultFocus>N</IsDefaultFocus>
                    <IsAdvancedField>N</IsAdvancedField>
                    <VFormat/>
                    <AD_LabelStyle_ID reference="id"/>
                    <AD_FieldStyle_ID reference="id"/>
                    <IsQuickForm>N</IsQuickForm>
                    <Placeholder/>
                    <AD_Field_Trl type="translation">
                        <Help>An organization is a unit of your client or legal entity - examples are store, department. You can share data between organizations.</Help>
                        <Description>Organizational entity within client</Description>
                        <Name>Organization</Name>
                        <Placeholder/>
                        <AD_Language>es_CO</AD_Language>
                        <IsActive>Y</IsActive>
                        <IsTranslated>N</IsTranslated>
                    </AD_Field_Trl>
                </AD_Field>
                <AD_Field type="table">
                    <AD_Client_ID>0</AD_Client_ID>
                    <AD_Org_ID>0</AD_Org_ID>
                    <Name>Origin Table</Name>
                    <Description>Database Table information</Description>
                    <Help>The Database Table provides the information of the table definition</Help>
                    <AD_Tab_ID reference="uuid" reference-key="AD_Tab">e6323c61-6526-4c42-8400-a1ffccac87dc</AD_Tab_ID>
                    <AD_Column_ID reference="uuid" reference-key="AD_Column">b6b1d153-778f-4e9e-ad9a-5c52d4d1fed5</AD_Column_ID>
                    <IsDisplayed>Y</IsDisplayed>
                    <DisplayLogic/>
                    <DisplayLength>10</DisplayLength>
                    <SeqNo>30</SeqNo>
                    <SortNo/>
                    <IsSameLine>N</IsSameLine>
                    <IsHeading>N</IsHeading>
                    <IsFieldOnly>N</IsFieldOnly>
                    <IsEncrypted>N</IsEncrypted>
                    <IsActive>Y</IsActive>
                    <IsReadOnly>N</IsReadOnly>
                    <IsCentrallyMaintained>Y</IsCentrallyMaintained>
                    <AD_FieldGroup_ID reference="id"/>
                    <EntityType>DMS</EntityType>
                    <ObscureType/>
                    <AD_Reference_ID reference="id"/>
                    <IsMandatory/>
                    <DefaultValue/>
                    <AD_Reference_Value_ID reference="id"/>
                    <AD_Val_Rule_ID reference="id"/>
                    <Included_Tab_ID reference="id"/>
                    <AD_Field_UU>5b6890ef-2ac0-4820-a927-2a432a909971</AD_Field_UU>
                    <IsAllowCopy/>
                    <IsDisplayedGrid>Y</IsDisplayedGrid>
                    <SeqNoGrid>50</SeqNoGrid>
                    <XPosition>1</XPosition>
                    <ColumnSpan>2</ColumnSpan>
                    <NumLines>1</NumLines>
                    <IsQuickEntry>N</IsQuickEntry>
                    <IsUpdateable/>
                    <IsAlwaysUpdateable/>
                    <MandatoryLogic/>
                    <ReadOnlyLogic/>
                    <IsToolbarButton/>
                    <IsDefaultFocus>N</IsDefaultFocus>
                    <IsAdvancedField>N</IsAdvancedField>
                    <VFormat/>
                    <AD_LabelStyle_ID reference="id"/>
                    <AD_FieldStyle_ID reference="id"/>
                    <IsQuickForm>N</IsQuickForm>
                    <Placeholder/>
                    <AD_Field_Trl type="translation">
                        <Help>The Database Table provides the information of the table definition</Help>
                        <Description>Database Table information</Description>
                        <Name>Substitude Table</Name>
                        <Placeholder/>
                        <AD_Language>es_CO</AD_Language>
                        <IsActive>Y</IsActive>
                        <IsTranslated>N</IsTranslated>
                    </AD_Field_Trl>
                </AD_Field>
                <AD_Field type="table">
                    <AD_Client_ID>0</AD_Client_ID>
                    <AD_Org_ID>0</AD_Org_ID>
                    <Name>Origin Column</Name>
                    <Description/>
                    <Help/>
                    <AD_Tab_ID reference="uuid" reference-key="AD_Tab">e6323c61-6526-4c42-8400-a1ffccac87dc</AD_Tab_ID>
                    <AD_Column_ID reference="uuid" reference-key="AD_Column">b94157e3-61a8-4dd4-8512-2e97f149fdda</AD_Column_ID>
                    <IsDisplayed>Y</IsDisplayed>
                    <DisplayLogic/>
                    <DisplayLength>22</DisplayLength>
                    <SeqNo>40</SeqNo>
                    <SortNo/>
                    <IsSameLine>N</IsSameLine>
                    <IsHeading>N</IsHeading>
                    <IsFieldOnly>N</IsFieldOnly>
                    <IsEncrypted>N</IsEncrypted>
                    <IsActive>Y</IsActive>
                    <IsReadOnly>N</IsReadOnly>
                    <IsCentrallyMaintained>Y</IsCentrallyMaintained>
                    <AD_FieldGroup_ID reference="id"/>
                    <EntityType>DMS</EntityType>
                    <ObscureType/>
                    <AD_Reference_ID reference="id"/>
                    <IsMandatory/>
                    <DefaultValue/>
                    <AD_Reference_Value_ID reference="id"/>
                    <AD_Val_Rule_ID reference="id"/>
                    <Included_Tab_ID reference="id"/>
                    <AD_Field_UU>b9b4864d-784d-4088-a82d-eaa8ad2869ce</AD_Field_UU>
                    <IsAllowCopy/>
                    <IsDisplayedGrid>Y</IsDisplayedGrid>
                    <SeqNoGrid>40</SeqNoGrid>
                    <XPosition>4</XPosition>
                    <ColumnSpan>2</ColumnSpan>
                    <NumLines>1</NumLines>
                    <IsQuickEntry>N</IsQuickEntry>
                    <IsUpdateable/>
                    <IsAlwaysUpdateable/>
                    <MandatoryLogic/>
                    <ReadOnlyLogic/>
                    <IsToolbarButton/>
                    <IsDefaultFocus>N</IsDefaultFocus>
                    <IsAdvancedField>N</IsAdvancedField>
                    <VFormat/>
                    <AD_LabelStyle_ID reference="id"/>
                    <AD_FieldStyle_ID reference="id"/>
                    <IsQuickForm>N</IsQuickForm>
                    <Placeholder/>
                    <AD_Field_Trl type="translation">
                        <Help/>
                        <Description/>
                        <Name>Substitude Column</Name>
                        <Placeholder/>
                        <AD_Language>es_CO</AD_Language>
                        <IsActive>Y</IsActive>
                        <IsTranslated>N</IsTranslated>
                    </AD_Field_Trl>
                </AD_Field>
                <AD_Field type="table">
                    <AD_Client_ID>0</AD_Client_ID>
                    <AD_Org_ID>0</AD_Org_ID>
                    <Name>Substitute Table</Name>
                    <Description>Database Table information</Description>
                    <Help>The Database Table provides the information of the table definition</Help>
                    <AD_Tab_ID reference="uuid" reference-key="AD_Tab">e6323c61-6526-4c42-8400-a1ffccac87dc</AD_Tab_ID>
                    <AD_Column_ID reference="uuid" reference-key="AD_Column">67c05469-6e20-4e47-bddf-1551d19945ca</AD_Column_ID>
                    <IsDisplayed>Y</IsDisplayed>
                    <DisplayLogic/>
                    <DisplayLength>10</DisplayLength>
                    <SeqNo>50</SeqNo>
                    <SortNo/>
                    <IsSameLine>N</IsSameLine>
                    <IsHeading>N</IsHeading>
                    <IsFieldOnly>N</IsFieldOnly>
                    <IsEncrypted>N</IsEncrypted>
                    <IsActive>Y</IsActive>
                    <IsReadOnly>N</IsReadOnly>
                    <IsCentrallyMaintained>Y</IsCentrallyMaintained>
                    <AD_FieldGroup_ID reference="id"/>
                    <EntityType>DMS</EntityType>
                    <ObscureType/>
                    <AD_Reference_ID reference="id"/>
                    <IsMandatory/>
                    <DefaultValue/>
                    <AD_Reference_Value_ID reference="id"/>
                    <AD_Val_Rule_ID reference="id"/>
                    <Included_Tab_ID reference="id"/>
                    <AD_Field_UU>e65082c5-8a81-4345-b7ff-78f11df97cc1</AD_Field_UU>
                    <IsAllowCopy/>
                    <IsDisplayedGrid>Y</IsDisplayedGrid>
                    <SeqNoGrid>10</SeqNoGrid>
                    <XPosition>1</XPosition>
                    <ColumnSpan>2</ColumnSpan>
                    <NumLines>1</NumLines>
                    <IsQuickEntry>N</IsQuickEntry>
                    <IsUpdateable/>
                    <IsAlwaysUpdateable/>
                    <MandatoryLogic/>
                    <ReadOnlyLogic/>
                    <IsToolbarButton/>
                    <IsDefaultFocus>N</IsDefaultFocus>
                    <IsAdvancedField>N</IsAdvancedField>
                    <VFormat/>
                    <AD_LabelStyle_ID reference="id"/>
                    <AD_FieldStyle_ID reference="id"/>
                    <IsQuickForm>N</IsQuickForm>
                    <Placeholder/>
                    <AD_Field_Trl type="translation">
                        <Help>The Database Table provides the information of the table definition</Help>
                        <Description>Database Table information</Description>
                        <Name>From Table</Name>
                        <Placeholder/>
                        <AD_Language>es_CO</AD_Language>
                        <IsActive>Y</IsActive>
                        <IsTranslated>N</IsTranslated>
                    </AD_Field_Trl>
                </AD_Field>
                <AD_Field type="table">
                    <AD_Client_ID>0</AD_Client_ID>
                    <AD_Org_ID>0</AD_Org_ID>
                    <Name>Active</Name>
                    <Description>The record is active in the system</Description>
                    <Help>There are two methods of making records unavailable in the system: One is to delete the record, the other is to de-activate the record. A de-activated record is not available for selection, but available for reports.
There are two reasons for de-activating and not deleting records:
(1) The system requires the record for audit purposes.
(2) The record is referenced by other records. E.g., you cannot delete a Business Partner, if there are invoices for this partner record existing. You de-activate the Business Partner and prevent that this record is used for future entries.</Help>
                    <AD_Tab_ID reference="uuid" reference-key="AD_Tab">e6323c61-6526-4c42-8400-a1ffccac87dc</AD_Tab_ID>
                    <AD_Column_ID reference="uuid" reference-key="AD_Column">718c05d3-6c6d-438e-8e5f-55374ddf7190</AD_Column_ID>
                    <IsDisplayed>Y</IsDisplayed>
                    <DisplayLogic/>
                    <DisplayLength>1</DisplayLength>
                    <SeqNo>60</SeqNo>
                    <SortNo/>
                    <IsSameLine>N</IsSameLine>
                    <IsHeading>N</IsHeading>
                    <IsFieldOnly>N</IsFieldOnly>
                    <IsEncrypted>N</IsEncrypted>
                    <IsActive>Y</IsActive>
                    <IsReadOnly>N</IsReadOnly>
                    <IsCentrallyMaintained>Y</IsCentrallyMaintained>
                    <AD_FieldGroup_ID reference="id"/>
                    <EntityType>DMS</EntityType>
                    <ObscureType/>
                    <AD_Reference_ID reference="id"/>
                    <IsMandatory/>
                    <DefaultValue/>
                    <AD_Reference_Value_ID reference="id"/>
                    <AD_Val_Rule_ID reference="id"/>
                    <Included_Tab_ID reference="id"/>
                    <AD_Field_UU>c9f0f086-822a-4f12-a951-ca16feb4dc7d</AD_Field_UU>
                    <IsAllowCopy/>
                    <IsDisplayedGrid>Y</IsDisplayedGrid>
                    <SeqNoGrid>60</SeqNoGrid>
                    <XPosition>5</XPosition>
                    <ColumnSpan>2</ColumnSpan>
                    <NumLines>1</NumLines>
                    <IsQuickEntry>N</IsQuickEntry>
                    <IsUpdateable/>
                    <IsAlwaysUpdateable/>
                    <MandatoryLogic/>
                    <ReadOnlyLogic/>
                    <IsToolbarButton/>
                    <IsDefaultFocus>N</IsDefaultFocus>
                    <IsAdvancedField>N</IsAdvancedField>
                    <VFormat/>
                    <AD_LabelStyle_ID reference="id"/>
                    <AD_FieldStyle_ID reference="id"/>
                    <IsQuickForm>N</IsQuickForm>
                    <Placeholder/>
                    <AD_Field_Trl type="translation">
                        <Help>There are two methods of making records unavailable in the system: One is to delete the record, the other is to de-activate the record. A de-activated record is not available for selection, but available for reports.
There are two reasons for de-activating and not deleting records:
(1) The system requires the record for audit purposes.
(2) The record is referenced by other records. E.g., you cannot delete a Business Partner, if there are invoices for this partner record existing. You de-activate the Business Partner and prevent that this record is used for future entries.</Help>
                        <Description>The record is active in the system</Description>
                        <Name>Active</Name>
                        <Placeholder/>
                        <AD_Language>es_CO</AD_Language>
                        <IsActive>Y</IsActive>
                        <IsTranslated>N</IsTranslated>
                    </AD_Field_Trl>
                </AD_Field>
                <AD_Field type="table">
                    <AD_Client_ID>0</AD_Client_ID>
                    <AD_Org_ID>0</AD_Org_ID>
                    <Name>Description</Name>
                    <Description>Optional short description of the record</Description>
                    <Help>A description is limited to 255 characters.</Help>
                    <AD_Tab_ID reference="uuid" reference-key="AD_Tab">e6323c61-6526-4c42-8400-a1ffccac87dc</AD_Tab_ID>
                    <AD_Column_ID reference="uuid" reference-key="AD_Column">1d5c6fde-894e-405a-b8d7-91010b99edcd</AD_Column_ID>
                    <IsDisplayed>Y</IsDisplayed>
                    <DisplayLogic/>
                    <DisplayLength>255</DisplayLength>
                    <SeqNo>70</SeqNo>
                    <SortNo/>
                    <IsSameLine>N</IsSameLine>
                    <IsHeading>N</IsHeading>
                    <IsFieldOnly>N</IsFieldOnly>
                    <IsEncrypted>N</IsEncrypted>
                    <IsActive>Y</IsActive>
                    <IsReadOnly>N</IsReadOnly>
                    <IsCentrallyMaintained>Y</IsCentrallyMaintained>
                    <AD_FieldGroup_ID reference="id"/>
                    <EntityType>DMS</EntityType>
                    <ObscureType/>
                    <AD_Reference_ID reference="id"/>
                    <IsMandatory/>
                    <DefaultValue/>
                    <AD_Reference_Value_ID reference="id"/>
                    <AD_Val_Rule_ID reference="id"/>
                    <Included_Tab_ID reference="id"/>
                    <AD_Field_UU>6580e56f-3968-4ae1-b239-7230e69a1027</AD_Field_UU>
                    <IsAllowCopy/>
                    <IsDisplayedGrid>Y</IsDisplayedGrid>
                    <SeqNoGrid>30</SeqNoGrid>
                    <XPosition>1</XPosition>
                    <ColumnSpan>5</ColumnSpan>
                    <NumLines>3</NumLines>
                    <IsQuickEntry>N</IsQuickEntry>
                    <IsUpdateable/>
                    <IsAlwaysUpdateable/>
                    <MandatoryLogic/>
                    <ReadOnlyLogic/>
                    <IsToolbarButton/>
                    <IsDefaultFocus>N</IsDefaultFocus>
                    <IsAdvancedField>N</IsAdvancedField>
                    <VFormat/>
                    <AD_LabelStyle_ID reference="id"/>
                    <AD_FieldStyle_ID reference="id"/>
                    <IsQuickForm>N</IsQuickForm>
                    <Placeholder/>
                    <AD_Field_Trl type="translation">
                        <Help>A description is limited to 255 characters.</Help>
                        <Description>Optional short description of the record</Description>
                        <Name>Description</Name>
                        <Placeholder/>
                        <AD_Language>es_CO</AD_Language>
                        <IsActive>Y</IsActive>
                        <IsTranslated>N</IsTranslated>
                    </AD_Field_Trl>
                </AD_Field>
                <AD_Field type="table">
                    <AD_Client_ID>0</AD_Client_ID>
                    <AD_Org_ID>0</AD_Org_ID>
                    <Name>Detail</Name>
                    <Description/>
                    <Help/>
                    <AD_Tab_ID reference="uuid" reference-key="AD_Tab">e6323c61-6526-4c42-8400-a1ffccac87dc</AD_Tab_ID>
                    <AD_Column_ID reference="uuid" reference-key="AD_Column">5b7cdc19-324e-4b08-afcc-16e1003941a4</AD_Column_ID>
                    <IsDisplayed>Y</IsDisplayed>
                    <DisplayLogic/>
                    <DisplayLength>240</DisplayLength>
                    <SeqNo>80</SeqNo>
                    <SortNo/>
                    <IsSameLine>N</IsSameLine>
                    <IsHeading>N</IsHeading>
                    <IsFieldOnly>Y</IsFieldOnly>
                    <IsEncrypted>N</IsEncrypted>
                    <IsActive>Y</IsActive>
                    <IsReadOnly>N</IsReadOnly>
                    <IsCentrallyMaintained>Y</IsCentrallyMaintained>
                    <AD_FieldGroup_ID reference="id"/>
                    <EntityType>DMS</EntityType>
                    <ObscureType/>
                    <AD_Reference_ID reference="id"/>
                    <IsMandatory/>
                    <DefaultValue/>
                    <AD_Reference_Value_ID reference="id"/>
                    <AD_Val_Rule_ID reference="id"/>
                    <Included_Tab_ID reference="id"/>
                    <AD_Field_UU>e0c271e3-56a6-4dbb-836f-e1873f2ab687</AD_Field_UU>
                    <IsAllowCopy/>
                    <IsDisplayedGrid>Y</IsDisplayedGrid>
                    <SeqNoGrid>80</SeqNoGrid>
                    <XPosition>2</XPosition>
                    <ColumnSpan>5</ColumnSpan>
                    <NumLines>2</NumLines>
                    <IsQuickEntry>N</IsQuickEntry>
                    <IsUpdateable/>
                    <IsAlwaysUpdateable/>
                    <MandatoryLogic/>
                    <ReadOnlyLogic/>
                    <IsToolbarButton/>
                    <IsDefaultFocus>N</IsDefaultFocus>
                    <IsAdvancedField>N</IsAdvancedField>
                    <VFormat/>
                    <AD_LabelStyle_ID reference="id"/>
                    <AD_FieldStyle_ID reference="uuid" reference-key="AD_Style">7d3e5dd4-a59b-43a7-a996-ee962fb78ffb</AD_FieldStyle_ID>
                    <IsQuickForm>N</IsQuickForm>
                    <Placeholder/>
                    <AD_Field_Trl type="translation">
                        <Help/>
                        <Description/>
                        <Name>Detail</Name>
                        <Placeholder/>
                        <AD_Language>es_CO</AD_Language>
                        <IsActive>Y</IsActive>
                        <IsTranslated>N</IsTranslated>
                    </AD_Field_Trl>
                </AD_Field>
            </AD_Tab>
        </AD_Window>
    </AD_Menu>
</idempiere>
