<?xml version="1.0" encoding="UTF-8"?><idempiere Name="DMSExplorerPageSize" Version="1.0.0" idempiereVersion="" DataBaseVersion="" Description="" Author="" AuthorEmail="" CreatedDate="2024-03-01 16:37:19.396" UpdatedDate="2024-03-01 16:37:19.396" PackOutVersion="100" UpdateDictionary="false" Client="0-SYSTEM-System" AD_Client_UU="11237b53-9592-4af1-b3c5-afd216514b5d">
    <AD_SysConfig type="table">
        <AD_Client_ID>0</AD_Client_ID>
        <AD_Org_ID>0</AD_Org_ID>
        <IsActive>Y</IsActive>
        <Name>DMS_EXPLORER_CONTENT_PAGE_SIZE</Name>
        <Value>50</Value>
        <Description>No of Content shown per page in Document Explorer</Description>
        <EntityType>DMS</EntityType>
        <ConfigurationLevel>S</ConfigurationLevel>
        <AD_SysConfig_UU>1b833efd-5aed-4bd7-a558-ea426693439a</AD_SysConfig_UU>
    </AD_SysConfig>
</idempiere>
