<?xml version="1.0" encoding="UTF-8"?><idempiere Name="DMS" Version="1.0.0" idempiereVersion="" DataBaseVersion="" Description="" Author="" AuthorEmail="" CreatedDate="2025-02-10 11:50:08.568" UpdatedDate="2025-02-10 11:50:30.967" PackOutVersion="100" UpdateDictionary="true" Client="0-SYSTEM-System" AD_Client_UU="11237b53-9592-4af1-b3c5-afd216514b5d">
    <AD_Menu type="table">
        <SeqNo>999</SeqNo>
        <AD_Client_ID>0</AD_Client_ID>
        <AD_Org_ID>0</AD_Org_ID>
        <Name>DMS Content Directory DeDuplication</Name>
        <Description>Process to rectify duplicate content in directories.</Description>
        <Action>P</Action>
        <AD_Window_ID reference="id"/>
        <AD_Workflow_ID reference="id"/>
        <AD_Task_ID reference="id"/>
        <IsActive>Y</IsActive>
        <IsSummary>N</IsSummary>
        <AD_Process_ID reference="uuid" reference-key="AD_Process">3786b81c-11ee-4cd8-84e4-c64ec265d82f</AD_Process_ID>
        <IsSOTrx>Y</IsSOTrx>
        <AD_Form_ID reference="id"/>
        <IsReadOnly>N</IsReadOnly>
        <EntityType>U</EntityType>
        <IsCentrallyMaintained>Y</IsCentrallyMaintained>
        <AD_Menu_UU>ad168525-f33d-42c3-807b-a8ebe7b0b93a</AD_Menu_UU>
        <AD_InfoWindow_ID reference="id"/>
        <PredefinedContextVariables/>
        <AD_Menu_Trl type="translation">
            <Description>Process to rectify duplicate content in directories.</Description>
            <Name>DMS Content Directory DeDuplication</Name>
            <AD_Language>es_CO</AD_Language>
            <IsActive>Y</IsActive>
            <IsTranslated>N</IsTranslated>
        </AD_Menu_Trl>
        <AD_Process type="table">
            <AD_Client_ID>0</AD_Client_ID>
            <AD_Org_ID>0</AD_Org_ID>
            <IsActive>Y</IsActive>
            <Name>DMS Content Directory DeDuplication</Name>
            <Description>Process to rectify duplicate content in directories.</Description>
            <Help>Process to rectify duplicate content in directories.</Help>
            <ProcedureName/>
            <IsReport>N</IsReport>
            <Value>DMSContentDirectoryDeDuplication</Value>
            <IsDirectPrint>N</IsDirectPrint>
            <AD_ReportView_ID reference="id"/>
            <Classname>com.logilite.dms.contentdirdeduplication.process.ContentDirDeDuplication</Classname>
            <AccessLevel>3</AccessLevel>
            <EntityType>U</EntityType>
            <Statistic_Count>14</Statistic_Count>
            <Statistic_Seconds>723</Statistic_Seconds>
            <AD_PrintFormat_ID reference="id"/>
            <WorkflowValue/>
            <AD_Workflow_ID reference="id"/>
            <IsBetaFunctionality>N</IsBetaFunctionality>
            <IsServerProcess>N</IsServerProcess>
            <ShowHelp>Y</ShowHelp>
            <JasperReport/>
            <AD_Form_ID reference="id"/>
            <CopyFromProcess>N</CopyFromProcess>
            <AD_Process_UU>3786b81c-11ee-4cd8-84e4-c64ec265d82f</AD_Process_UU>
            <AD_CtxHelp_ID reference="id"/>
            <ExecutionType/>
            <AllowMultipleExecution>N</AllowMultipleExecution>
            <IsPrinterPreview>N</IsPrinterPreview>
            <AD_Process_Trl type="translation">
                <Description/>
                <Help/>
                <Name>Content Direcoty</Name>
                <AD_Language>es_CO</AD_Language>
                <IsActive>Y</IsActive>
                <IsTranslated>N</IsTranslated>
            </AD_Process_Trl>
            <AD_Reference type="table">
                <AD_Reference_ID>17</AD_Reference_ID>
                <AD_Client_ID>0</AD_Client_ID>
                <AD_Org_ID>0</AD_Org_ID>
                <AD_Reference_ID>17</AD_Reference_ID>
                <Name>List</Name>
                <Description>Reference List</Description>
                <Help/>
                <ValidationType>D</ValidationType>
                <IsActive>Y</IsActive>
                <VFormat/>
                <EntityType>D</EntityType>
                <IsOrderByValue>N</IsOrderByValue>
                <AD_Reference_UU>70bc89e7-5848-4ff5-a1f0-e1b1aed3796f</AD_Reference_UU>
                <AD_Element_ID reference="id"/>
                <AD_Reference_Trl type="translation">
                    <Description>Lista de Referencia</Description>
                    <Help/>
                    <Name>Lista</Name>
                    <AD_Language>es_CO</AD_Language>
                    <IsActive>Y</IsActive>
                    <IsTranslated>Y</IsTranslated>
                </AD_Reference_Trl>
            </AD_Reference>
            <AD_Reference type="table">
                <AD_Client_ID>0</AD_Client_ID>
                <AD_Org_ID>0</AD_Org_ID>
                <Name>DMSLevelForList</Name>
                <Description>Level For to define which data data you want to correct.</Description>
                <Help>Level For to define which data data you want to correct.</Help>
                <ValidationType>L</ValidationType>
                <IsActive>Y</IsActive>
                <VFormat/>
                <EntityType>U</EntityType>
                <IsOrderByValue>N</IsOrderByValue>
                <AD_Reference_UU>05c20e30-67a8-4999-9513-486aa235da5f</AD_Reference_UU>
                <AD_Element_ID reference="id"/>
                <AD_Reference_Trl type="translation">
                    <Description>Level For to define which data data you want to correct.</Description>
                    <Help>Level For to define which data data you want to correct.</Help>
                    <Name>DMSLevelForList</Name>
                    <AD_Language>es_CO</AD_Language>
                    <IsActive>Y</IsActive>
                    <IsTranslated>N</IsTranslated>
                </AD_Reference_Trl>
                <AD_Ref_List type="table">
                    <AD_Client_ID>0</AD_Client_ID>
                    <AD_Org_ID>0</AD_Org_ID>
                    <Name>1 - Root Level Directory</Name>
                    <Description>Root Level Directory</Description>
                    <AD_Reference_ID reference="uuid" reference-key="AD_Reference">05c20e30-67a8-4999-9513-486aa235da5f</AD_Reference_ID>
                    <ValidFrom/>
                    <ValidTo/>
                    <Value>RLD</Value>
                    <IsActive>Y</IsActive>
                    <EntityType>U</EntityType>
                    <AD_Ref_List_UU>2ed17d2c-ec3b-4da7-a99f-fc8607230439</AD_Ref_List_UU>
                    <AD_Ref_List_Trl type="translation">
                        <Description>Root Level Directory</Description>
                        <Name>Root Level Directory</Name>
                        <AD_Language>es_CO</AD_Language>
                        <IsActive>Y</IsActive>
                        <IsTranslated>N</IsTranslated>
                    </AD_Ref_List_Trl>
                </AD_Ref_List>
                <AD_Ref_List type="table">
                    <AD_Client_ID>0</AD_Client_ID>
                    <AD_Org_ID>0</AD_Org_ID>
                    <Name>3 - Record Mounting Directory</Name>
                    <Description>Record Mounting Directory</Description>
                    <AD_Reference_ID reference="uuid" reference-key="AD_Reference">05c20e30-67a8-4999-9513-486aa235da5f</AD_Reference_ID>
                    <ValidFrom/>
                    <ValidTo/>
                    <Value>RMD</Value>
                    <IsActive>Y</IsActive>
                    <EntityType>U</EntityType>
                    <AD_Ref_List_UU>88ecd594-4161-4ff3-9473-9a700c858320</AD_Ref_List_UU>
                    <AD_Ref_List_Trl type="translation">
                        <Description>Record Mounting Directory</Description>
                        <Name>Record Mounting Directory</Name>
                        <AD_Language>es_CO</AD_Language>
                        <IsActive>Y</IsActive>
                        <IsTranslated>N</IsTranslated>
                    </AD_Ref_List_Trl>
                </AD_Ref_List>
                <AD_Ref_List type="table">
                    <AD_Client_ID>0</AD_Client_ID>
                    <AD_Org_ID>0</AD_Org_ID>
                    <Name>2 - Table Mounting Directory</Name>
                    <Description>Table Mounting Directory</Description>
                    <AD_Reference_ID reference="uuid" reference-key="AD_Reference">05c20e30-67a8-4999-9513-486aa235da5f</AD_Reference_ID>
                    <ValidFrom/>
                    <ValidTo/>
                    <Value>TMD</Value>
                    <IsActive>Y</IsActive>
                    <EntityType>U</EntityType>
                    <AD_Ref_List_UU>6dd41d3e-8223-41a5-a4d3-f000a069729e</AD_Ref_List_UU>
                    <AD_Ref_List_Trl type="translation">
                        <Description>Table Mounting Directory</Description>
                        <Name>Table Mounting Directory</Name>
                        <AD_Language>es_CO</AD_Language>
                        <IsActive>Y</IsActive>
                        <IsTranslated>N</IsTranslated>
                    </AD_Ref_List_Trl>
                </AD_Ref_List>
            </AD_Reference>
            <AD_Element type="table">
                <AD_Client_ID>0</AD_Client_ID>
                <AD_Org_ID>0</AD_Org_ID>
                <IsActive>Y</IsActive>
                <ColumnName>DMSLevelFor</ColumnName>
                <Name>Level For</Name>
                <Description>Level For to define which data data you want to correct.</Description>
                <Help>Level For to define which data data you want to correct.</Help>
                <PrintName>Level For</PrintName>
                <PO_Description/>
                <PO_Help/>
                <PO_Name/>
                <PO_PrintName/>
                <EntityType>U</EntityType>
                <AD_Element_UU>28d16f69-27f3-4405-96f4-aa46d467d7ec</AD_Element_UU>
                <Placeholder/>
                <AD_Element_Trl type="translation">
                    <Description>Level For to define which data data you want to correct.</Description>
                    <Help>Level For to define which data data you want to correct.</Help>
                    <Name>Level For</Name>
                    <Placeholder/>
                    <PO_Description/>
                    <PO_Help/>
                    <PO_Name/>
                    <PO_PrintName/>
                    <PrintName>Level For</PrintName>
                    <AD_Language>es_CO</AD_Language>
                    <IsActive>Y</IsActive>
                    <IsTranslated>N</IsTranslated>
                </AD_Element_Trl>
            </AD_Element>
            <AD_Process_Para type="table">
                <AD_Client_ID>0</AD_Client_ID>
                <AD_Org_ID>0</AD_Org_ID>
                <IsActive>Y</IsActive>
                <Name>Level For</Name>
                <Description>To select the directory level for which corrections need to be made.</Description>
                <Help>To select the directory level for which corrections need to be made.

1 - Root Level Directory
2 - Table Mounting Directory
3 - Record Mounting Directory</Help>
                <AD_Process_ID reference="uuid" reference-key="AD_Process">3786b81c-11ee-4cd8-84e4-c64ec265d82f</AD_Process_ID>
                <SeqNo>10</SeqNo>
                <AD_Reference_ID reference="id">17</AD_Reference_ID>
                <AD_Reference_Value_ID reference="uuid" reference-key="AD_Reference">05c20e30-67a8-4999-9513-486aa235da5f</AD_Reference_Value_ID>
                <IsRange>N</IsRange>
                <AD_Val_Rule_ID reference="id"/>
                <FieldLength>0</FieldLength>
                <IsMandatory>Y</IsMandatory>
                <DefaultValue/>
                <VFormat/>
                <ValueMin/>
                <ValueMax/>
                <ColumnName>DMSLevelFor</ColumnName>
                <DefaultValue2/>
                <IsCentrallyMaintained>Y</IsCentrallyMaintained>
                <EntityType>U</EntityType>
                <AD_Element_ID reference="uuid" reference-key="AD_Element">28d16f69-27f3-4405-96f4-aa46d467d7ec</AD_Element_ID>
                <ReadOnlyLogic/>
                <DisplayLogic/>
                <AD_Process_Para_UU>e1e81733-0569-47d9-968d-144712a43d78</AD_Process_Para_UU>
                <IsEncrypted>N</IsEncrypted>
                <MandatoryLogic/>
                <Placeholder/>
                <Placeholder2/>
                <AD_Process_Para_Trl type="translation">
                    <Description>Level For to define which data data you want to correct.</Description>
                    <Help>Level For to define which data data you want to correct.</Help>
                    <Name>Level For</Name>
                    <Placeholder/>
                    <Placeholder2/>
                    <AD_Language>es_CO</AD_Language>
                    <IsActive>Y</IsActive>
                    <IsTranslated>N</IsTranslated>
                </AD_Process_Para_Trl>
            </AD_Process_Para>
            <AD_Reference type="table">
                <AD_Reference_ID>20</AD_Reference_ID>
                <AD_Client_ID>0</AD_Client_ID>
                <AD_Org_ID>0</AD_Org_ID>
                <AD_Reference_ID>20</AD_Reference_ID>
                <Name>Yes-No</Name>
                <Description>CheckBox</Description>
                <Help/>
                <ValidationType>D</ValidationType>
                <IsActive>Y</IsActive>
                <VFormat/>
                <EntityType>D</EntityType>
                <IsOrderByValue>N</IsOrderByValue>
                <AD_Reference_UU>1dab6dbd-8d84-4ba5-87df-e2ca93d2c976</AD_Reference_UU>
                <AD_Element_ID reference="id"/>
                <AD_Reference_Trl type="translation">
                    <Description>Cuadro de Verificación</Description>
                    <Help/>
                    <Name>Si/No</Name>
                    <AD_Language>es_CO</AD_Language>
                    <IsActive>Y</IsActive>
                    <IsTranslated>Y</IsTranslated>
                </AD_Reference_Trl>
            </AD_Reference>
            <AD_Element type="table">
                <AD_Client_ID>0</AD_Client_ID>
                <AD_Org_ID>0</AD_Org_ID>
                <IsActive>Y</IsActive>
                <ColumnName>IsGenerateReportOnly</ColumnName>
                <Name>Generate Report Only</Name>
                <Description>Generate Report Only</Description>
                <Help/>
                <PrintName>Generate Report Only</PrintName>
                <PO_Description/>
                <PO_Help/>
                <PO_Name/>
                <PO_PrintName/>
                <EntityType>U</EntityType>
                <AD_Element_UU>610298c6-c89a-4a4b-a55e-96e10e7ce5dd</AD_Element_UU>
                <Placeholder/>
                <AD_Element_Trl type="translation">
                    <Description>Generate Report Only</Description>
                    <Help/>
                    <Name>Generate Report Only</Name>
                    <Placeholder/>
                    <PO_Description/>
                    <PO_Help/>
                    <PO_Name/>
                    <PO_PrintName/>
                    <PrintName>Generate Report Only</PrintName>
                    <AD_Language>es_CO</AD_Language>
                    <IsActive>Y</IsActive>
                    <IsTranslated>N</IsTranslated>
                </AD_Element_Trl>
            </AD_Element>
            <AD_Process_Para type="table">
                <AD_Client_ID>0</AD_Client_ID>
                <AD_Org_ID>0</AD_Org_ID>
                <IsActive>Y</IsActive>
                <Name>Generate Report Only</Name>
                <Description>This process will add duplicate data into a temporary table and generate the CSV file if the value of the parameter is true.</Description>
                <Help>This process will add duplicate data into a temporary table and generate the CSV file if the value of the parameter is true.</Help>
                <AD_Process_ID reference="uuid" reference-key="AD_Process">3786b81c-11ee-4cd8-84e4-c64ec265d82f</AD_Process_ID>
                <SeqNo>20</SeqNo>
                <AD_Reference_ID reference="id">20</AD_Reference_ID>
                <AD_Reference_Value_ID reference="id"/>
                <IsRange>N</IsRange>
                <AD_Val_Rule_ID reference="id"/>
                <FieldLength>0</FieldLength>
                <IsMandatory>N</IsMandatory>
                <DefaultValue>N</DefaultValue>
                <VFormat/>
                <ValueMin/>
                <ValueMax/>
                <ColumnName>IsGenerateReportOnly</ColumnName>
                <DefaultValue2/>
                <IsCentrallyMaintained>Y</IsCentrallyMaintained>
                <EntityType>U</EntityType>
                <AD_Element_ID reference="uuid" reference-key="AD_Element">610298c6-c89a-4a4b-a55e-96e10e7ce5dd</AD_Element_ID>
                <ReadOnlyLogic/>
                <DisplayLogic/>
                <AD_Process_Para_UU>bb3c06a5-c8a5-49dc-81c1-8079a7b2b9ba</AD_Process_Para_UU>
                <IsEncrypted>N</IsEncrypted>
                <MandatoryLogic/>
                <Placeholder/>
                <Placeholder2/>
                <AD_Process_Para_Trl type="translation">
                    <Description>Generate Report Only</Description>
                    <Help/>
                    <Name>Generate Report Only</Name>
                    <Placeholder/>
                    <Placeholder2/>
                    <AD_Language>es_CO</AD_Language>
                    <IsActive>Y</IsActive>
                    <IsTranslated>N</IsTranslated>
                </AD_Process_Para_Trl>
            </AD_Process_Para>
            <AD_Element type="table">
                <AD_Client_ID>0</AD_Client_ID>
                <AD_Org_ID>0</AD_Org_ID>
                <IsActive>Y</IsActive>
                <ColumnName>IsMoveDuplicateChildContentToCorrectOne</ColumnName>
                <Name>Duplicate Directory Child Content Move To Correct One</Name>
                <Description>Duplicate Directory Child Content Move To Correct One</Description>
                <Help>Duplicate Directory Child Content Move To Correct One</Help>
                <PrintName>Duplicate Directory Child Content Move To Correct One</PrintName>
                <PO_Description/>
                <PO_Help/>
                <PO_Name/>
                <PO_PrintName/>
                <EntityType>U</EntityType>
                <AD_Element_UU>51b8044f-78e3-44d6-86ea-c6a84230f622</AD_Element_UU>
                <Placeholder/>
                <AD_Element_Trl type="translation">
                    <Description>Duplicate Directory Child Content Move To Correct One</Description>
                    <Help>Duplicate Directory Child Content Move To Correct One</Help>
                    <Name>Duplicate Directory Child Content Move To Correct One</Name>
                    <Placeholder/>
                    <PO_Description/>
                    <PO_Help/>
                    <PO_Name/>
                    <PO_PrintName/>
                    <PrintName>Duplicate Directory Child Content Move To Correct One</PrintName>
                    <AD_Language>es_CO</AD_Language>
                    <IsActive>Y</IsActive>
                    <IsTranslated>N</IsTranslated>
                </AD_Element_Trl>
            </AD_Element>
            <AD_Process_Para type="table">
                <AD_Client_ID>0</AD_Client_ID>
                <AD_Org_ID>0</AD_Org_ID>
                <IsActive>Y</IsActive>
                <Name>Duplicate Directory Child Content Move To Correct One</Name>
                <Description>It will move the duplicate data file to the correct directory if the value of the parameter is true.</Description>
                <Help>It will move the duplicate data file to the correct directory if the value of the parameter is true.</Help>
                <AD_Process_ID reference="uuid" reference-key="AD_Process">3786b81c-11ee-4cd8-84e4-c64ec265d82f</AD_Process_ID>
                <SeqNo>30</SeqNo>
                <AD_Reference_ID reference="id">20</AD_Reference_ID>
                <AD_Reference_Value_ID reference="id"/>
                <IsRange>N</IsRange>
                <AD_Val_Rule_ID reference="id"/>
                <FieldLength>0</FieldLength>
                <IsMandatory>N</IsMandatory>
                <DefaultValue>N</DefaultValue>
                <VFormat/>
                <ValueMin/>
                <ValueMax/>
                <ColumnName>IsMoveDuplicateChildContentToCorrectOne</ColumnName>
                <DefaultValue2/>
                <IsCentrallyMaintained>Y</IsCentrallyMaintained>
                <EntityType>U</EntityType>
                <AD_Element_ID reference="uuid" reference-key="AD_Element">51b8044f-78e3-44d6-86ea-c6a84230f622</AD_Element_ID>
                <ReadOnlyLogic>@IsGenerateReportOnly@='Y'</ReadOnlyLogic>
                <DisplayLogic/>
                <AD_Process_Para_UU>48e6c8ce-943f-4b2b-8dc3-6b4b70058039</AD_Process_Para_UU>
                <IsEncrypted>N</IsEncrypted>
                <MandatoryLogic/>
                <Placeholder/>
                <Placeholder2/>
                <AD_Process_Para_Trl type="translation">
                    <Description>Duplicate Directory Child Content Move To Correct One</Description>
                    <Help>Duplicate Directory Child Content Move To Correct One</Help>
                    <Name>Duplicate Directory Child Content Move To Correct One</Name>
                    <Placeholder/>
                    <Placeholder2/>
                    <AD_Language>es_CO</AD_Language>
                    <IsActive>Y</IsActive>
                    <IsTranslated>N</IsTranslated>
                </AD_Process_Para_Trl>
            </AD_Process_Para>
            <AD_Element type="table">
                <AD_Client_ID>0</AD_Client_ID>
                <AD_Org_ID>0</AD_Org_ID>
                <IsActive>Y</IsActive>
                <ColumnName>IsDeleteDuplicateContent</ColumnName>
                <Name>Delete Duplicate Content</Name>
                <Description>Delete Duplicate Content</Description>
                <Help>Delete Duplicate Content</Help>
                <PrintName>Delete Duplicate Content</PrintName>
                <PO_Description/>
                <PO_Help/>
                <PO_Name/>
                <PO_PrintName/>
                <EntityType>U</EntityType>
                <AD_Element_UU>fb46bc33-e117-4f55-98ab-9aa6faffce0b</AD_Element_UU>
                <Placeholder/>
                <AD_Element_Trl type="translation">
                    <Description>Delete Duplicate Content</Description>
                    <Help>Delete Duplicate Content</Help>
                    <Name>Delete Duplicate Content</Name>
                    <Placeholder/>
                    <PO_Description/>
                    <PO_Help/>
                    <PO_Name/>
                    <PO_PrintName/>
                    <PrintName>Delete Duplicate Content</PrintName>
                    <AD_Language>es_CO</AD_Language>
                    <IsActive>Y</IsActive>
                    <IsTranslated>N</IsTranslated>
                </AD_Element_Trl>
            </AD_Element>
            <AD_Process_Para type="table">
                <AD_Client_ID>0</AD_Client_ID>
                <AD_Org_ID>0</AD_Org_ID>
                <IsActive>Y</IsActive>
                <Name>Delete Duplicate Content</Name>
                <Description>If the value of this parameter is true it will delete the duplicate content records.</Description>
                <Help>If the value of this parameter is true it will delete the duplicate content records.</Help>
                <AD_Process_ID reference="uuid" reference-key="AD_Process">3786b81c-11ee-4cd8-84e4-c64ec265d82f</AD_Process_ID>
                <SeqNo>40</SeqNo>
                <AD_Reference_ID reference="id">20</AD_Reference_ID>
                <AD_Reference_Value_ID reference="id"/>
                <IsRange>N</IsRange>
                <AD_Val_Rule_ID reference="id"/>
                <FieldLength>0</FieldLength>
                <IsMandatory>N</IsMandatory>
                <DefaultValue>N</DefaultValue>
                <VFormat/>
                <ValueMin/>
                <ValueMax/>
                <ColumnName>IsDeleteDuplicateContent</ColumnName>
                <DefaultValue2/>
                <IsCentrallyMaintained>Y</IsCentrallyMaintained>
                <EntityType>U</EntityType>
                <AD_Element_ID reference="uuid" reference-key="AD_Element">fb46bc33-e117-4f55-98ab-9aa6faffce0b</AD_Element_ID>
                <ReadOnlyLogic>@IsGenerateReportOnly@='Y' | @IsMoveDuplicateChildContentToCorrectOne@='N' | @IsInActiveContentAndSetDescription@='Y'</ReadOnlyLogic>
                <DisplayLogic/>
                <AD_Process_Para_UU>293a0dec-8565-45e0-8643-89f8726d868c</AD_Process_Para_UU>
                <IsEncrypted>N</IsEncrypted>
                <MandatoryLogic/>
                <Placeholder/>
                <Placeholder2/>
                <AD_Process_Para_Trl type="translation">
                    <Description>Delete Duplicate Content</Description>
                    <Help>Delete Duplicate Content</Help>
                    <Name>Delete Duplicate Content</Name>
                    <Placeholder/>
                    <Placeholder2/>
                    <AD_Language>es_CO</AD_Language>
                    <IsActive>Y</IsActive>
                    <IsTranslated>N</IsTranslated>
                </AD_Process_Para_Trl>
            </AD_Process_Para>
            <AD_Element type="table">
                <AD_Client_ID>0</AD_Client_ID>
                <AD_Org_ID>0</AD_Org_ID>
                <IsActive>Y</IsActive>
                <ColumnName>IsInActiveContentAndSetDescription</ColumnName>
                <Name>Mark DMS Content as In-Active with set Description</Name>
                <Description>Mark DMS Content as In-Active with set Description</Description>
                <Help>Mark DMS Content as In-Active with set Description</Help>
                <PrintName>Mark DMS Content as In-Active with set Description</PrintName>
                <PO_Description/>
                <PO_Help/>
                <PO_Name/>
                <PO_PrintName/>
                <EntityType>U</EntityType>
                <AD_Element_UU>3bd4499c-c879-4544-b245-f9bfe7c5f5ef</AD_Element_UU>
                <Placeholder/>
                <AD_Element_Trl type="translation">
                    <Description>Mark DMS Content as In-Active with set Description</Description>
                    <Help>Mark DMS Content as In-Active with set Description</Help>
                    <Name>Mark DMS Content as In-Active with set Description</Name>
                    <Placeholder/>
                    <PO_Description/>
                    <PO_Help/>
                    <PO_Name/>
                    <PO_PrintName/>
                    <PrintName>Mark DMS Content as In-Active with set Description</PrintName>
                    <AD_Language>es_CO</AD_Language>
                    <IsActive>Y</IsActive>
                    <IsTranslated>N</IsTranslated>
                </AD_Element_Trl>
            </AD_Element>
            <AD_Process_Para type="table">
                <AD_Client_ID>0</AD_Client_ID>
                <AD_Org_ID>0</AD_Org_ID>
                <IsActive>Y</IsActive>
                <Name>Mark DMS Content as In-Active with set Description</Name>
                <Description>If the value of this parameter is true it will set the duplicate content records as inactive and will set the appropriate description on it.</Description>
                <Help>If the value of this parameter is true it will set the duplicate content records as inactive and will set the appropriate description on it.</Help>
                <AD_Process_ID reference="uuid" reference-key="AD_Process">3786b81c-11ee-4cd8-84e4-c64ec265d82f</AD_Process_ID>
                <SeqNo>50</SeqNo>
                <AD_Reference_ID reference="id">20</AD_Reference_ID>
                <AD_Reference_Value_ID reference="id"/>
                <IsRange>N</IsRange>
                <AD_Val_Rule_ID reference="id"/>
                <FieldLength>0</FieldLength>
                <IsMandatory>N</IsMandatory>
                <DefaultValue>N</DefaultValue>
                <VFormat/>
                <ValueMin/>
                <ValueMax/>
                <ColumnName>IsInActiveContentAndSetDescription</ColumnName>
                <DefaultValue2/>
                <IsCentrallyMaintained>Y</IsCentrallyMaintained>
                <EntityType>U</EntityType>
                <AD_Element_ID reference="uuid" reference-key="AD_Element">3bd4499c-c879-4544-b245-f9bfe7c5f5ef</AD_Element_ID>
                <ReadOnlyLogic>@IsGenerateReportOnly@='Y' | @IsDeleteDuplicateContent@='Y'</ReadOnlyLogic>
                <DisplayLogic/>
                <AD_Process_Para_UU>3261812f-187a-46c9-b76a-a1c49618e02d</AD_Process_Para_UU>
                <IsEncrypted>N</IsEncrypted>
                <MandatoryLogic/>
                <Placeholder/>
                <Placeholder2/>
                <AD_Process_Para_Trl type="translation">
                    <Description>Mark DMS Content as In-Active with set Description</Description>
                    <Help>Mark DMS Content as In-Active with set Description</Help>
                    <Name>Mark DMS Content as In-Active with set Description</Name>
                    <Placeholder/>
                    <Placeholder2/>
                    <AD_Language>es_CO</AD_Language>
                    <IsActive>Y</IsActive>
                    <IsTranslated>N</IsTranslated>
                </AD_Process_Para_Trl>
            </AD_Process_Para>
        </AD_Process>
    </AD_Menu>
</idempiere>
