<?xml version="1.0" encoding="UTF-8"?><idempiere Name="AD_SysConfig" Version="1.0.0" idempiereVersion="7.1.0.qualifier" DataBaseVersion="2019-11-22" Description="" Author="SuperUser" AuthorEmail="superuser @ idempiere.com" CreatedDate="Tue Apr 04 17:09:11 IST 2023" UpdatedDate="Tue Apr 04 17:09:11 IST 2023" PackOutVersion="100" UpdateDictionary="true" Client="0-SYSTEM-System" AD_Client_UU="11237b53-9592-4af1-b3c5-afd216514b5d">
    <AD_SysConfig type="table">
        <AD_Client_ID>0</AD_Client_ID>
        <AD_Org_ID>0</AD_Org_ID>
        <IsActive>Y</IsActive>
        <Name>DMS_ALLOW_THUMBNAIL_CREATION</Name>
        <Value>Y</Value>
        <Description>The thumbnail will not be created/used if value is No; otherwise, the thumbnail will be created/used existing</Description>
        <EntityType>DMS</EntityType>
        <ConfigurationLevel>C</ConfigurationLevel>
        <AD_SysConfig_UU>3d3c7faf-1c7e-4c6a-ac24-3dba3c8e6808</AD_SysConfig_UU>
    </AD_SysConfig>
</idempiere>
