<?xml version="1.0" encoding="UTF-8"?><idempiere Name="Association type" Version="1.0.0" idempiereVersion="" DataBaseVersion="" Description="" Author="" AuthorEmail="" CreatedDate="2016-03-14 09:16:52.121" UpdatedDate="2016-03-14 09:16:52.121" PackOutVersion="100" UpdateDictionary="true" Client="0-SYSTEM-System" AD_Client_UU="11237b53-9592-4af1-b3c5-afd216514b5d">
    <SQLStatement type="custom">
        <DBType>Postgres</DBType>
        <statement><![CDATA[UPDATE DMS_AssociationType set EntityType = 'D' WHERE EntityType = 'DMS']]></statement>
    </SQLStatement>
	<DMS_AssociationType type="table">
        <AD_Client_ID reference="id">11</AD_Client_ID>
        <AD_Org_ID reference="id">0</AD_Org_ID>
        <IsActive>Y</IsActive>
        <Name>Record</Name>
        <Value>Record</Value>
        <EntityType>D</EntityType>
        <DMS_AssociationType_UU>0bcc6dec-3574-4607-9ecd-1106190705bb</DMS_AssociationType_UU>
    </DMS_AssociationType>
<DMS_AssociationType type="table">
        <AD_Client_ID reference="id">11</AD_Client_ID>
        <AD_Org_ID reference="id">0</AD_Org_ID>
        <IsActive>Y</IsActive>
        <Name>Link</Name>
        <Value>Link</Value>
        <EntityType>D</EntityType>
        <DMS_AssociationType_UU>fba2e002-0d90-4f5e-9b2e-998e2c4fe29b</DMS_AssociationType_UU>
    </DMS_AssociationType>
	

</idempiere>
