<?xml version="1.0" encoding="UTF-8"?><idempiere Name="AD_Message" Version="1.0.0" idempiereVersion="7.1.0.qualifier" DataBaseVersion="2019-11-22" Description="" Author="SuperUser" AuthorEmail="superuser @ idempiere.com" CreatedDate="Wed Dec 06 19:01:30 IST 2023" UpdatedDate="Wed Dec 06 19:01:30 IST 2023" PackOutVersion="100" UpdateDictionary="true" Client="0-SYSTEM-System" AD_Client_UU="11237b53-9592-4af1-b3c5-afd216514b5d">
    <AD_Message type="table">
        <AD_Client_ID>0</AD_Client_ID>
        <AD_Org_ID>0</AD_Org_ID>
        <MsgType>I</MsgType>
        <MsgText>Unable to upload content due to access restrictions</MsgText>
        <MsgTip/>
        <IsActive>Y</IsActive>
        <Value>UnableToUploadContent</Value>
        <EntityType>DMS</EntityType>
        <AD_Message_UU>7d272b23-2d72-4acd-a8cb-4a49e303a6c3</AD_Message_UU>
        <AD_Message_Trl type="translation">
            <MsgText>Unable to upload content due to access restrictions</MsgText>
            <MsgTip/>
            <AD_Language>es_CO</AD_Language>
            <IsActive>Y</IsActive>
            <IsTranslated>N</IsTranslated>
        </AD_Message_Trl>
    </AD_Message>
</idempiere>
