<?xml version="1.0" encoding="UTF-8"?><idempiere Name="DMSCType_ASET_DynamicValidation" Version="1.0.0" idempiereVersion="" DataBaseVersion="" Description="" Author="" AuthorEmail="" CreatedDate="2017-01-30 17:02:06.023" UpdatedDate="2017-01-30 17:02:08.933" PackOutVersion="100" UpdateDictionary="true" Client="0-SYSTEM-System" AD_Client_UU="11237b53-9592-4af1-b3c5-afd216514b5d">
    <AD_Menu type="table">
        <Parent_ID reference="uuid" reference-key="AD_Menu">4aa28567-494d-4c22-abc5-b4fd9ed77406</Parent_ID>
        <SeqNo>1</SeqNo>
        <AD_Client_ID>0</AD_Client_ID>
        <AD_Org_ID>0</AD_Org_ID>
        <Name>DMS Content Type</Name>
        <Description/>
        <Action>W</Action>
        <AD_Window_ID reference="uuid" reference-key="AD_Window">eedafd82-a193-48ad-b42a-a1da9bbcce4b</AD_Window_ID>
        <AD_Workflow_ID reference="id"/>
        <AD_Task_ID reference="id"/>
        <IsActive>Y</IsActive>
        <IsSummary>N</IsSummary>
        <AD_Process_ID reference="id"/>
        <IsSOTrx>N</IsSOTrx>
        <AD_Form_ID reference="id"/>
        <IsReadOnly>N</IsReadOnly>
        <EntityType>U</EntityType>
        <IsCentrallyMaintained>Y</IsCentrallyMaintained>
        <AD_Menu_UU>29d90ef7-307f-4a17-a350-19388bac4c8f</AD_Menu_UU>
        <AD_InfoWindow_ID reference="id"/>
        <AD_Menu_Trl type="translation">
            <Name>DMS Content Type</Name>
            <Description/>
            <AD_Language>es_CO</AD_Language>
            <IsActive>Y</IsActive>
            <IsTranslated>N</IsTranslated>
        </AD_Menu_Trl>
        <AD_Val_Rule type="table">
            <AD_Client_ID>0</AD_Client_ID>
            <AD_Org_ID>0</AD_Org_ID>
            <Name>DMS Type AttributeSet</Name>
            <Description/>
            <Type>S</Type>
            <Code>M_AttributeSet.M_AttributeSet_ID IN (SELECT M_AttributeSet_ID FROM M_AttributeSet WHERE M_AttributeSet_Type = 'D')</Code>
            <IsActive>Y</IsActive>
            <EntityType>U</EntityType>
            <AD_Val_Rule_UU>7f910e4f-45a4-4a6d-8610-7fef0b41727e</AD_Val_Rule_UU>
        </AD_Val_Rule>
    </AD_Menu>
</idempiere>
