<?xml version="1.0" encoding="UTF-8"?><idempiere Name="DocUploadFile" Version="1.0.0" idempiereVersion="" DataBaseVersion="" Description="" Author="" AuthorEmail="" CreatedDate="2024-02-23 17:28:29.717" UpdatedDate="2024-02-23 17:28:29.717" PackOutVersion="100" UpdateDictionary="false" Client="0-SYSTEM-System" AD_Client_UU="11237b53-9592-4af1-b3c5-afd216514b5d">
    <AD_Menu type="table">
        <SeqNo>999</SeqNo>
        <AD_Client_ID>0</AD_Client_ID>
        <AD_Org_ID>0</AD_Org_ID>
        <Name>DMS Bulk Upload Form</Name>
        <Description/>
        <Action>X</Action>
        <AD_Window_ID reference="id"/>
        <AD_Workflow_ID reference="id"/>
        <AD_Task_ID reference="id"/>
        <IsActive>Y</IsActive>
        <IsSummary>N</IsSummary>
        <AD_Process_ID reference="id"/>
        <IsSOTrx>Y</IsSOTrx>
        <AD_Form_ID reference="uuid" reference-key="AD_Form">ae29a001-0f81-4617-893b-4d3754e5ccb0</AD_Form_ID>
        <IsReadOnly>N</IsReadOnly>
        <EntityType>DMS</EntityType>
        <IsCentrallyMaintained>Y</IsCentrallyMaintained>
        <AD_Menu_UU>21c81beb-fc55-4fae-b07b-1af0dcfcf19e</AD_Menu_UU>
        <AD_InfoWindow_ID reference="id"/>
        <PredefinedContextVariables/>
        <AD_Menu_Trl type="translation">
            <Description/>
            <Name>DMS Bulk Upload Form</Name>
            <AD_Language>es_CO</AD_Language>
            <IsActive>Y</IsActive>
            <IsTranslated>N</IsTranslated>
        </AD_Menu_Trl>
        <AD_Form type="table">
            <AD_Client_ID>0</AD_Client_ID>
            <AD_Org_ID>0</AD_Org_ID>
            <IsActive>Y</IsActive>
            <Name>Document Upload Form</Name>
            <Description/>
            <Help/>
            <Classname>com.logilite.dms.fileuploader.form.DMSFileUploaderForm</Classname>
            <AccessLevel>3</AccessLevel>
            <EntityType>DMS</EntityType>
            <IsBetaFunctionality>N</IsBetaFunctionality>
            <JSPURL/>
            <AD_Form_UU>ae29a001-0f81-4617-893b-4d3754e5ccb0</AD_Form_UU>
            <AD_CtxHelp_ID reference="id"/>
            <AD_Form_Trl type="translation">
                <Description/>
                <Help/>
                <Name>Document Explorer</Name>
                <AD_Language>es_CO</AD_Language>
                <IsActive>Y</IsActive>
                <IsTranslated>N</IsTranslated>
            </AD_Form_Trl>
        </AD_Form>
    </AD_Menu>
    <AD_Message type="table">
        <AD_Client_ID>0</AD_Client_ID>
        <AD_Org_ID>0</AD_Org_ID>
        <MsgType>E</MsgType>
        <MsgText>Invalid Name contains other characters besides letters (a-z/A-Z) and digits (0-9).</MsgText>
        <MsgTip/>
        <IsActive>Y</IsActive>
        <Value>InvalidDirectoryName</Value>
        <EntityType>DMS</EntityType>
        <AD_Message_UU>e0f53672-1b81-4d0a-a0fd-89b4ba9cd0ca</AD_Message_UU>
        <AD_Message_Trl type="translation">
            <MsgText>Invalid Name contains other characters besides letters (a-z/A-Z) and digits (0-9).</MsgText>
            <MsgTip/>
            <AD_Language>es_CO</AD_Language>
            <IsActive>Y</IsActive>
            <IsTranslated>N</IsTranslated>
        </AD_Message_Trl>
    </AD_Message>
</idempiere>
