<?xml version="1.0" encoding="UTF-8"?><idempiere Name="DMS_Index_Creation" Version="1.0.0" idempiereVersion="" DataBaseVersion="" Description="DMS_Table_Index_Creation&#10;DMS_ZK_MAX_UPLOAD_SIZE" Author="" AuthorEmail="" CreatedDate="2021-12-24 16:20:19.549" UpdatedDate="2021-12-24 16:42:33.56" PackOutVersion="100" UpdateDictionary="true" Client="0-SYSTEM-System" AD_Client_UU="11237b53-9592-4af1-b3c5-afd216514b5d">
    <AD_SysConfig type="table">
        <AD_Client_ID>0</AD_Client_ID>
        <AD_Org_ID>0</AD_Org_ID>
        <IsActive>Y</IsActive>
        <Name>DMS_ZK_MAX_UPLOAD_SIZE</Name>
        <Value>10240</Value>
        <Description>It specifies the maximum allowed size, in kilobytes, to upload a file from the client. A zero or negative value indicates that there is no limit.</Description>
        <EntityType>U</EntityType>
        <ConfigurationLevel>S</ConfigurationLevel>
        <AD_SysConfig_UU>c10c20e7-f5d4-4bdf-b1cb-a8c77cb9dc5f</AD_SysConfig_UU>
    </AD_SysConfig>
    <SQLStatement type="custom">
        <DBType>Postgres</DBType>
        <statement><![CDATA[CREATE INDEX dms_version_content_idx 	ON DMS_Version USING btree(dms_content_id);

CREATE INDEX dms_content_type_idx 		ON DMS_content USING btree(dms_contenttype_id);
CREATE INDEX dms_content_basetype_idx 	ON DMS_content USING btree(contentbasetype);
CREATE INDEX dms_content_parenturl_idx 	ON DMS_content USING btree(ParentURL);
CREATE INDEX dms_content_asi_idx 		ON DMS_content USING btree(M_AttributeSetInstance_ID);

CREATE INDEX dms_association_related_idx	ON dms_association  USING btree(DMS_Content_Related_ID);
CREATE INDEX dms_association_content_idx 	ON dms_association USING btree (DMS_Content_ID);
CREATE INDEX dms_association_associationtype_idx ON dms_association USING btree (DMS_AssociationType_ID);]]></statement>
    </SQLStatement>
</idempiere>
