<?xml version="1.0" encoding="UTF-8"?><idempiere Name="AttachmentMigrationDMSTableWise" Version="7.3.3" idempiereVersion="" DataBaseVersion="" Description="" Author="" AuthorEmail="" CreatedDate="2023-12-12 19:36:50.928" UpdatedDate="2023-12-12 19:36:54.889" PackOutVersion="100" UpdateDictionary="false" Client="0-SYSTEM-System" AD_Client_UU="11237b53-9592-4af1-b3c5-afd216514b5d">
    <AD_Process type="table">
        <AD_Client_ID>0</AD_Client_ID>
        <AD_Org_ID>0</AD_Org_ID>
        <IsActive>Y</IsActive>
        <Name>Migrate Attachment to DMS</Name>
        <Description/>
        <Help/>
        <ProcedureName/>
        <IsReport>N</IsReport>
        <Value>Migrate Attachment to DMS</Value>
        <IsDirectPrint>N</IsDirectPrint>
        <AD_ReportView_ID reference="id"/>
        <Classname>com.logilite.dms.process.MigrateAttachmentToDMS</Classname>
        <AccessLevel>3</AccessLevel>
        <EntityType>DMS</EntityType>
        <Statistic_Count>43</Statistic_Count>
        <Statistic_Seconds>1349</Statistic_Seconds>
        <AD_PrintFormat_ID reference="id"/>
        <WorkflowValue/>
        <AD_Workflow_ID reference="id"/>
        <IsBetaFunctionality>N</IsBetaFunctionality>
        <ShowHelp>Y</ShowHelp>
        <JasperReport/>
        <AD_Form_ID reference="id"/>
        <CopyFromProcess>N</CopyFromProcess>
        <AD_Process_UU>25d1e358-8c04-484e-bf47-f8a5f0ef43d1</AD_Process_UU>
        <AD_CtxHelp_ID reference="id"/>
        <ExecutionType/>
        <AllowMultipleExecution>P</AllowMultipleExecution>
        <FileNamePattern/>
        <AD_Process_Trl type="translation">
            <Description/>
            <Help/>
            <Name>Migrate Attachment to DMS</Name>
            <AD_Language>es_CO</AD_Language>
            <IsActive>Y</IsActive>
            <IsTranslated>N</IsTranslated>
        </AD_Process_Trl>
        <AD_Reference type="table">
            <AD_Client_ID>0</AD_Client_ID>
            <AD_Org_ID>0</AD_Org_ID>
            <Name>AD_Table DMSMigration</Name>
            <Description>Migrate Attachment to DMS Table filter</Description>
            <Help/>
            <ValidationType>T</ValidationType>
            <IsActive>Y</IsActive>
            <VFormat/>
            <EntityType>DMS</EntityType>
            <IsOrderByValue>N</IsOrderByValue>
            <AD_Reference_UU>558e311e-8638-4516-8371-21a37e471abf</AD_Reference_UU>
            <AD_Element_ID reference="id"/>
            <ShowInactive>N</ShowInactive>
            <AD_Reference_Trl type="translation">
                <Description/>
                <Help/>
                <Name>AD_Table DMSMigration</Name>
                <AD_Language>es_CO</AD_Language>
                <IsActive>Y</IsActive>
                <IsTranslated>N</IsTranslated>
            </AD_Reference_Trl>
            <AD_Ref_Table type="table">
                <AD_Client_ID>0</AD_Client_ID>
                <AD_Org_ID>0</AD_Org_ID>
                <AD_Reference_ID reference="uuid" reference-key="AD_Reference">558e311e-8638-4516-8371-21a37e471abf</AD_Reference_ID>
                <AD_Table_ID reference="id">100</AD_Table_ID>
                <WhereClause>AD_Table_ID NOT IN(284, 285, 376, 454, 489, 523, 50008)</WhereClause>
                <OrderByClause/>
                <IsActive>Y</IsActive>
                <IsValueDisplayed>N</IsValueDisplayed>
                <EntityType>DMS</EntityType>
                <AD_Window_ID reference="id"/>
                <AD_Ref_Table_UU>f490ea08-751e-4975-9a29-41540d447a74</AD_Ref_Table_UU>
                <AD_InfoWindow_ID reference="id"/>
                <AD_Display reference="id">102</AD_Display>
                <AD_Key reference="id">100</AD_Key>
            </AD_Ref_Table>
        </AD_Reference>
        <AD_Process_Para type="table">
            <AD_Client_ID>0</AD_Client_ID>
            <AD_Org_ID>0</AD_Org_ID>
            <IsActive>Y</IsActive>
            <Name>Table</Name>
            <Description>Table wise migrate</Description>
            <Help>Table wise migrate</Help>
            <AD_Process_ID reference="uuid" reference-key="AD_Process">25d1e358-8c04-484e-bf47-f8a5f0ef43d1</AD_Process_ID>
            <SeqNo>9</SeqNo>
            <AD_Reference_ID reference="id">18</AD_Reference_ID>
            <AD_Reference_Value_ID reference="uuid" reference-key="AD_Reference">558e311e-8638-4516-8371-21a37e471abf</AD_Reference_Value_ID>
            <IsRange>N</IsRange>
            <AD_Val_Rule_ID reference="id"/>
            <FieldLength>0</FieldLength>
            <IsMandatory>N</IsMandatory>
            <DefaultValue/>
            <VFormat/>
            <ValueMin/>
            <ValueMax/>
            <ColumnName>AD_Table_ID</ColumnName>
            <DefaultValue2/>
            <IsCentrallyMaintained>N</IsCentrallyMaintained>
            <EntityType>DMS</EntityType>
            <AD_Element_ID reference="id">126</AD_Element_ID>
            <ReadOnlyLogic/>
            <DisplayLogic/>
            <AD_Process_Para_UU>83653aea-fa1a-481e-afdb-e8b9cdc6f4ed</AD_Process_Para_UU>
            <IsEncrypted>N</IsEncrypted>
            <MandatoryLogic/>
            <Placeholder/>
            <Placeholder2/>
            <AD_Process_Para_Trl type="translation">
                <Description>Table wise migrate</Description>
                <Help>Table wise migrate</Help>
                <Name>Name</Name>
                <Placeholder/>
                <Placeholder2/>
                <AD_Language>es_CO</AD_Language>
                <IsActive>Y</IsActive>
                <IsTranslated>N</IsTranslated>
            </AD_Process_Para_Trl>
        </AD_Process_Para>
        <AD_Process_Para type="table">
            <AD_Client_ID>0</AD_Client_ID>
            <AD_Org_ID>0</AD_Org_ID>
            <IsActive>Y</IsActive>
            <Name>Delete Original Attachment</Name>
            <Description/>
            <Help/>
            <AD_Process_ID reference="uuid" reference-key="AD_Process">25d1e358-8c04-484e-bf47-f8a5f0ef43d1</AD_Process_ID>
            <SeqNo>10</SeqNo>
            <AD_Reference_ID reference="id">20</AD_Reference_ID>
            <AD_Reference_Value_ID reference="id"/>
            <IsRange>N</IsRange>
            <AD_Val_Rule_ID reference="id"/>
            <FieldLength>1</FieldLength>
            <IsMandatory>N</IsMandatory>
            <DefaultValue>N</DefaultValue>
            <VFormat/>
            <ValueMin/>
            <ValueMax/>
            <ColumnName>DeleteOriginalAttachment</ColumnName>
            <DefaultValue2/>
            <IsCentrallyMaintained>N</IsCentrallyMaintained>
            <EntityType>DMS</EntityType>
            <AD_Element_ID reference="id"/>
            <ReadOnlyLogic/>
            <DisplayLogic/>
            <AD_Process_Para_UU>ff60a3c7-9059-4470-8999-e051bcf71389</AD_Process_Para_UU>
            <IsEncrypted>N</IsEncrypted>
            <MandatoryLogic/>
            <Placeholder/>
            <Placeholder2/>
            <AD_Process_Para_Trl type="translation">
                <Description/>
                <Help/>
                <Name>Delete Original Attachment</Name>
                <Placeholder/>
                <Placeholder2/>
                <AD_Language>es_CO</AD_Language>
                <IsActive>Y</IsActive>
                <IsTranslated>N</IsTranslated>
            </AD_Process_Para_Trl>
        </AD_Process_Para>
    </AD_Process>
</idempiere>
