<?xml version="1.0" encoding="UTF-8"?><idempiere Name="DMSConvertRelationalToRelationalUUID" Version="1.0.0" idempiereVersion="" DataBaseVersion="" Description="" Author="" AuthorEmail="" CreatedDate="2022-07-12 14:20:08.416" UpdatedDate="2022-07-12 14:20:08.416" PackOutVersion="100" UpdateDictionary="true" Client="0-SYSTEM-System" AD_Client_UU="11237b53-9592-4af1-b3c5-afd216514b5d">
    <AD_Process type="table">
        <AD_Client_ID>0</AD_Client_ID>
        <AD_Org_ID>0</AD_Org_ID>
        <IsActive>Y</IsActive>
        <Name>DMS Convert Relational to Relational UUID Structure</Name>
        <Description>Process for converting existing DMS contents relational model to relational UUID based model</Description>
        <Help>Restricted process, Be careful while using this process. This process changes the content manager type to 'Relational UUID' in the client info window. It will export all the listed DMS versions old URL with new URL based on UUID structure, so the admin person can execute exported files directly to the terminal where DMS Physical content exists. The main purpose is to achieve more security of the file content.</Help>
        <ProcedureName/>
        <IsReport>N</IsReport>
        <Value>DMSConvertRelationalToRelationalUUID</Value>
        <IsDirectPrint>N</IsDirectPrint>
        <AD_ReportView_ID reference="id"/>
        <Classname>com.logilite.dms.uuid.process.ConvertRelationalToRelationalUUID</Classname>
        <AccessLevel>2</AccessLevel>
        <EntityType>DMS</EntityType>
        <Statistic_Count>23</Statistic_Count>
        <Statistic_Seconds>486</Statistic_Seconds>
        <AD_PrintFormat_ID reference="id"/>
        <WorkflowValue/>
        <AD_Workflow_ID reference="id"/>
        <IsBetaFunctionality>N</IsBetaFunctionality>
        <IsServerProcess>N</IsServerProcess>
        <ShowHelp>Y</ShowHelp>
        <JasperReport/>
        <AD_Form_ID reference="id"/>
        <CopyFromProcess>N</CopyFromProcess>
        <AD_Process_UU>d03a1f45-5354-4d9a-87f7-8f64b9c80a90</AD_Process_UU>
        <AD_CtxHelp_ID reference="id"/>
        <ExecutionType/>
        <AllowMultipleExecution>N</AllowMultipleExecution>
        <AD_Process_Trl type="translation">
            <Description>Process for converting existing DMS contents relational model to relational UUID based model</Description>
            <Help>Process for converting existing DMS contents relational model to relational UUID based model</Help>
            <Name>DMS Convert Relational to Relational UUID Structure</Name>
            <AD_Language>es_CO</AD_Language>
            <IsActive>Y</IsActive>
            <IsTranslated>N</IsTranslated>
        </AD_Process_Trl>
        <AD_Process_Para type="table">
            <AD_Client_ID>0</AD_Client_ID>
            <AD_Org_ID>0</AD_Org_ID>
            <IsActive>Y</IsActive>
            <Name>Client Info configure Content Type as Relational UUID</Name>
            <Description>In Client_Info &gt; DMS Content Manager Type set as Relational UUID and do cache reset once this is done.</Description>
            <Help>In Client_Info &gt; DMS Content Manager Type set as Relational UUID and do cache reset once this is done.</Help>
            <AD_Process_ID reference="uuid" reference-key="AD_Process">d03a1f45-5354-4d9a-87f7-8f64b9c80a90</AD_Process_ID>
            <SeqNo>20</SeqNo>
            <AD_Reference_ID reference="id">20</AD_Reference_ID>
            <AD_Reference_Value_ID reference="id"/>
            <IsRange>N</IsRange>
            <AD_Val_Rule_ID reference="id"/>
            <FieldLength>1</FieldLength>
            <IsMandatory>Y</IsMandatory>
            <DefaultValue>N</DefaultValue>
            <VFormat/>
            <ValueMin/>
            <ValueMax/>
            <ColumnName>ClientInfoSetContentTypeToUUID</ColumnName>
            <DefaultValue2/>
            <IsCentrallyMaintained>N</IsCentrallyMaintained>
            <EntityType>DMS</EntityType>
            <AD_Element_ID reference="id"/>
            <ReadOnlyLogic/>
            <DisplayLogic/>
            <AD_Process_Para_UU>d37fe124-d91b-47d8-a9bb-02f52bd2484e</AD_Process_Para_UU>
            <IsEncrypted>N</IsEncrypted>
            <MandatoryLogic/>
            <Placeholder/>
            <Placeholder2/>
            <AD_Process_Para_Trl type="translation">
                <Description/>
                <Help/>
                <Name>Client Info configure Content Type as Relational UUID</Name>
                <Placeholder/>
                <Placeholder2/>
                <AD_Language>es_CO</AD_Language>
                <IsActive>Y</IsActive>
                <IsTranslated>N</IsTranslated>
            </AD_Process_Para_Trl>
        </AD_Process_Para>
        <AD_Process_Para type="table">
            <AD_Client_ID>0</AD_Client_ID>
            <AD_Org_ID>0</AD_Org_ID>
            <IsActive>Y</IsActive>
            <Name>Do you want to Export command file</Name>
            <Description>Want to export a command file that renames the existing DMS content from the old path to the new UUID-based path. And need to execute command manually in the system.</Description>
            <Help/>
            <AD_Process_ID reference="uuid" reference-key="AD_Process">d03a1f45-5354-4d9a-87f7-8f64b9c80a90</AD_Process_ID>
            <SeqNo>30</SeqNo>
            <AD_Reference_ID reference="id">20</AD_Reference_ID>
            <AD_Reference_Value_ID reference="id"/>
            <IsRange>N</IsRange>
            <AD_Val_Rule_ID reference="id"/>
            <FieldLength>1</FieldLength>
            <IsMandatory>Y</IsMandatory>
            <DefaultValue>Y</DefaultValue>
            <VFormat/>
            <ValueMin/>
            <ValueMax/>
            <ColumnName>ExportCmdFileForChangeToUUID</ColumnName>
            <DefaultValue2/>
            <IsCentrallyMaintained>N</IsCentrallyMaintained>
            <EntityType>DMS</EntityType>
            <AD_Element_ID reference="id"/>
            <ReadOnlyLogic/>
            <DisplayLogic/>
            <AD_Process_Para_UU>6d8dccc4-281d-4c5a-8d1c-24c8cd59a79e</AD_Process_Para_UU>
            <IsEncrypted>N</IsEncrypted>
            <MandatoryLogic/>
            <Placeholder/>
            <Placeholder2/>
            <AD_Process_Para_Trl type="translation">
                <Description/>
                <Help/>
                <Name>Export command file for change to UUID</Name>
                <Placeholder/>
                <Placeholder2/>
                <AD_Language>es_CO</AD_Language>
                <IsActive>Y</IsActive>
                <IsTranslated>N</IsTranslated>
            </AD_Process_Para_Trl>
        </AD_Process_Para>
        <AD_Process_Para type="table">
            <AD_Client_ID>0</AD_Client_ID>
            <AD_Org_ID>0</AD_Org_ID>
            <IsActive>Y</IsActive>
            <Name>Export with base/root directory path of the system</Name>
            <Description>Export data if this flag is TRUE then it will export the whole storage provider system path + DMS content path. If FALSE then only export with DMS Content Path from the mounting base path. </Description>
            <Help/>
            <AD_Process_ID reference="uuid" reference-key="AD_Process">d03a1f45-5354-4d9a-87f7-8f64b9c80a90</AD_Process_ID>
            <SeqNo>40</SeqNo>
            <AD_Reference_ID reference="id">20</AD_Reference_ID>
            <AD_Reference_Value_ID reference="id"/>
            <IsRange>N</IsRange>
            <AD_Val_Rule_ID reference="id"/>
            <FieldLength>1</FieldLength>
            <IsMandatory>Y</IsMandatory>
            <DefaultValue>Y</DefaultValue>
            <VFormat/>
            <ValueMin/>
            <ValueMax/>
            <ColumnName>ExportWithBaseDirPath</ColumnName>
            <DefaultValue2/>
            <IsCentrallyMaintained>N</IsCentrallyMaintained>
            <EntityType>DMS</EntityType>
            <AD_Element_ID reference="id"/>
            <ReadOnlyLogic/>
            <DisplayLogic>@ExportCmdFileForChangeToUUID@ = 'Y'</DisplayLogic>
            <AD_Process_Para_UU>4ca6f109-1343-4bb5-b2d9-d291a07aabaf</AD_Process_Para_UU>
            <IsEncrypted>N</IsEncrypted>
            <MandatoryLogic/>
            <Placeholder/>
            <Placeholder2/>
            <AD_Process_Para_Trl type="translation">
                <Description/>
                <Help/>
                <Name>ExportWithBaseDirPath</Name>
                <Placeholder/>
                <Placeholder2/>
                <AD_Language>es_CO</AD_Language>
                <IsActive>Y</IsActive>
                <IsTranslated>N</IsTranslated>
            </AD_Process_Para_Trl>
        </AD_Process_Para>
        <AD_Process_Para type="table">
            <AD_Client_ID>0</AD_Client_ID>
            <AD_Org_ID>0</AD_Org_ID>
            <IsActive>Y</IsActive>
            <Name>No of records export per file</Name>
            <Description>A number of records or command lines to export in a single file. If records are more than a new file will create accordingly.</Description>
            <Help/>
            <AD_Process_ID reference="uuid" reference-key="AD_Process">d03a1f45-5354-4d9a-87f7-8f64b9c80a90</AD_Process_ID>
            <SeqNo>50</SeqNo>
            <AD_Reference_ID reference="id">22</AD_Reference_ID>
            <AD_Reference_Value_ID reference="id"/>
            <IsRange>N</IsRange>
            <AD_Val_Rule_ID reference="id"/>
            <FieldLength>10</FieldLength>
            <IsMandatory>Y</IsMandatory>
            <DefaultValue>1000000</DefaultValue>
            <VFormat/>
            <ValueMin/>
            <ValueMax/>
            <ColumnName>NoOfRecordsExportPerFile</ColumnName>
            <DefaultValue2/>
            <IsCentrallyMaintained>N</IsCentrallyMaintained>
            <EntityType>DMS</EntityType>
            <AD_Element_ID reference="id"/>
            <ReadOnlyLogic/>
            <DisplayLogic>@ExportCmdFileForChangeToUUID@ = 'Y'</DisplayLogic>
            <AD_Process_Para_UU>bc23a23b-6c41-4511-b246-2747509a7f55</AD_Process_Para_UU>
            <IsEncrypted>N</IsEncrypted>
            <MandatoryLogic/>
            <Placeholder/>
            <Placeholder2/>
            <AD_Process_Para_Trl type="translation">
                <Description/>
                <Help/>
                <Name>NoOfRecordsToCreateFile</Name>
                <Placeholder/>
                <Placeholder2/>
                <AD_Language>es_CO</AD_Language>
                <IsActive>Y</IsActive>
                <IsTranslated>N</IsTranslated>
            </AD_Process_Para_Trl>
        </AD_Process_Para>
    </AD_Process>
    <AD_Menu type="table">
        <Parent_ID reference="uuid" reference-key="AD_Menu">a9ba8031-f7d2-4118-be55-5f4846331e6e</Parent_ID>
        <SeqNo>3</SeqNo>
        <AD_Client_ID>0</AD_Client_ID>
        <AD_Org_ID>0</AD_Org_ID>
        <Name>DMS Content</Name>
        <Description/>
        <Action>W</Action>
        <AD_Window_ID reference="uuid" reference-key="AD_Window">845fbdde-7efb-4f14-965c-b84d894f2955</AD_Window_ID>
        <AD_Workflow_ID reference="id"/>
        <AD_Task_ID reference="id"/>
        <IsActive>Y</IsActive>
        <IsSummary>N</IsSummary>
        <AD_Process_ID reference="id"/>
        <IsSOTrx>N</IsSOTrx>
        <AD_Form_ID reference="id"/>
        <IsReadOnly>N</IsReadOnly>
        <EntityType>DMS</EntityType>
        <IsCentrallyMaintained>Y</IsCentrallyMaintained>
        <AD_Menu_UU>657271ba-07c9-41b3-ab53-3a4d985ba67c</AD_Menu_UU>
        <AD_InfoWindow_ID reference="id"/>
        <PredefinedContextVariables/>
        <AD_Menu_Trl type="translation">
            <Description/>
            <Name>DMS Content</Name>
            <AD_Language>es_CO</AD_Language>
            <IsActive>Y</IsActive>
            <IsTranslated>N</IsTranslated>
        </AD_Menu_Trl>
        <AD_Element type="table">
            <AD_Client_ID>0</AD_Client_ID>
            <AD_Org_ID>0</AD_Org_ID>
            <IsActive>Y</IsActive>
            <ColumnName>DMS_Version_UU</ColumnName>
            <Name>Version UU</Name>
            <Description/>
            <Help/>
            <PrintName>Version UU</PrintName>
            <PO_Description/>
            <PO_Help/>
            <PO_Name/>
            <PO_PrintName/>
            <EntityType>DMS</EntityType>
            <AD_Element_UU>a63ac721-10f5-4c46-a24d-9e2e54034e82</AD_Element_UU>
            <Placeholder/>
            <AD_Element_Trl type="translation">
                <Description/>
                <Help/>
                <Name>Version UU</Name>
                <Placeholder/>
                <PO_Description/>
                <PO_Help/>
                <PO_Name/>
                <PO_PrintName/>
                <PrintName>Version UU</PrintName>
                <AD_Language>es_CO</AD_Language>
                <IsActive>Y</IsActive>
                <IsTranslated>N</IsTranslated>
            </AD_Element_Trl>
        </AD_Element>
        <AD_Column type="table">
            <IsSyncDatabase>Y</IsSyncDatabase>
            <AD_Table_ID reference="uuid" reference-key="AD_Table">92b5ef6c-1bb2-46bc-95d9-9c13bd0f719f</AD_Table_ID>
            <AD_Reference_Value_ID reference="id"/>
            <AD_Client_ID>0</AD_Client_ID>
            <AD_Org_ID>0</AD_Org_ID>
            <Version>1.0</Version>
            <Name>Version UU</Name>
            <Description/>
            <Help/>
            <AD_Val_Rule_ID reference="id"/>
            <ColumnName>DMS_Version_UU</ColumnName>
            <DefaultValue/>
            <FieldLength>36</FieldLength>
            <IsKey>N</IsKey>
            <IsParent>N</IsParent>
            <IsMandatory>N</IsMandatory>
            <IsTranslated>N</IsTranslated>
            <IsIdentifier>N</IsIdentifier>
            <SeqNo/>
            <IsEncrypted>N</IsEncrypted>
            <AD_Reference_ID reference="id">10</AD_Reference_ID>
            <IsActive>Y</IsActive>
            <VFormat/>
            <Callout/>
            <AD_Element_ID reference="uuid" reference-key="AD_Element">a63ac721-10f5-4c46-a24d-9e2e54034e82</AD_Element_ID>
            <IsUpdateable>N</IsUpdateable>
            <AD_Process_ID reference="id"/>
            <ValueMin/>
            <ValueMax/>
            <IsSelectionColumn>N</IsSelectionColumn>
            <ReadOnlyLogic/>
            <EntityType>DMS</EntityType>
            <IsAlwaysUpdateable>N</IsAlwaysUpdateable>
            <ColumnSQL/>
            <MandatoryLogic/>
            <IsAutocomplete>N</IsAutocomplete>
            <IsAllowLogging>Y</IsAllowLogging>
            <FormatPattern/>
            <AD_Chart_ID reference="id"/>
            <AD_Column_UU>5041a2d4-5641-40c0-bd2f-506a0d4c68fb</AD_Column_UU>
            <IsAllowCopy>N</IsAllowCopy>
            <SeqNoSelection/>
            <IsToolbarButton>N</IsToolbarButton>
            <IsSecure>N</IsSecure>
            <FKConstraintName/>
            <FKConstraintType>N</FKConstraintType>
            <PA_DashboardContent_ID reference="id"/>
            <Placeholder/>
            <IsHtml>N</IsHtml>
            <AD_Val_Rule_Lookup_ID reference="id"/>
        </AD_Column>
        <AD_Field type="table">
            <AD_Client_ID>0</AD_Client_ID>
            <AD_Org_ID>0</AD_Org_ID>
            <Name>Version UU</Name>
            <Description/>
            <Help/>
            <AD_Tab_ID reference="uuid" reference-key="AD_Tab">e3c51dc3-ed79-46c6-89e9-3e6a9fec250f</AD_Tab_ID>
            <AD_Column_ID reference="uuid" reference-key="AD_Column">5041a2d4-5641-40c0-bd2f-506a0d4c68fb</AD_Column_ID>
            <IsDisplayed>Y</IsDisplayed>
            <DisplayLogic/>
            <DisplayLength>36</DisplayLength>
            <SeqNo>90</SeqNo>
            <SortNo/>
            <IsSameLine>N</IsSameLine>
            <IsHeading>N</IsHeading>
            <IsFieldOnly>N</IsFieldOnly>
            <IsEncrypted>N</IsEncrypted>
            <IsActive>Y</IsActive>
            <IsReadOnly>N</IsReadOnly>
            <IsCentrallyMaintained>Y</IsCentrallyMaintained>
            <AD_FieldGroup_ID reference="id"/>
            <EntityType>DMS</EntityType>
            <ObscureType/>
            <AD_Reference_ID reference="id"/>
            <IsMandatory/>
            <DefaultValue/>
            <AD_Reference_Value_ID reference="id"/>
            <AD_Val_Rule_ID reference="id"/>
            <Included_Tab_ID reference="id"/>
            <AD_Field_UU>ea1d3100-c09e-46a7-9462-61697c3c1fba</AD_Field_UU>
            <IsAllowCopy/>
            <IsDisplayedGrid>N</IsDisplayedGrid>
            <SeqNoGrid/>
            <XPosition>4</XPosition>
            <ColumnSpan>2</ColumnSpan>
            <NumLines>1</NumLines>
            <IsQuickEntry>N</IsQuickEntry>
            <IsUpdateable/>
            <IsAlwaysUpdateable/>
            <MandatoryLogic/>
            <ReadOnlyLogic/>
            <IsToolbarButton/>
            <IsDefaultFocus>N</IsDefaultFocus>
            <IsAdvancedField>N</IsAdvancedField>
            <VFormat/>
            <AD_LabelStyle_ID reference="id"/>
            <AD_FieldStyle_ID reference="id"/>
            <IsQuickForm>N</IsQuickForm>
            <Placeholder/>
            <IsSelectionColumn/>
            <AD_Val_Rule_Lookup_ID reference="id"/>
            <AD_Field_Trl type="translation">
                <Description/>
                <Help/>
                <Name>DMS_Version_UU</Name>
                <Placeholder/>
                <AD_Language>es_CO</AD_Language>
                <IsActive>Y</IsActive>
                <IsTranslated>N</IsTranslated>
            </AD_Field_Trl>
        </AD_Field>
    </AD_Menu>
</idempiere>
