<?xml version="1.0" encoding="UTF-8"?><idempiere Name="DMS_MimeType" Version="1.0.0" idempiereVersion="3.1.0.qualifier" DataBaseVersion="2015-10-31" Description="" Author="SuperUser" AuthorEmail="test@idempiere.com" CreatedDate="Tue May 29 16:19:23 GMT+05:30 2018" UpdatedDate="Tue May 29 16:19:23 GMT+05:30 2018" PackOutVersion="100" UpdateDictionary="true" Client="0-SYSTEM-System" AD_Client_UU="11237b53-9592-4af1-b3c5-afd216514b5d">
    <DMS_MimeType type="table">
        <AD_Client_ID>0</AD_Client_ID>
        <AD_Org_ID>0</AD_Org_ID>
        <IsActive>Y</IsActive>
        <Value>Microsoft Excel (xlsx)</Value>
        <Name>Microsoft Excel (xlsx)</Name>
        <Description/>
        <IsDefault>N</IsDefault>
        <Icon_ID>1000006</Icon_ID>
        <FileExtension>.xlsx</FileExtension>
        <MimeType>application/vnd.openxmlformats-officedocument.spreadsheetml.sheet</MimeType>
        <Icon300_ID/>
        <Icon500_ID/>
        <DMS_MimeType_UU>ea849841-2af1-4aaf-a305-8771e0b703bb</DMS_MimeType_UU>
    </DMS_MimeType>
</idempiere>
