<?xml version="1.0" encoding="UTF-8"?><idempiere Name="AD_Ref_List" Version="1.0.0" idempiereVersion="5.1.0.qualifier" DataBaseVersion="2017-10-31" Description="" Author="SuperUser" AuthorEmail="superuser @ idempiere.com" CreatedDate="Tue Dec 08 18:02:07 IST 2020" UpdatedDate="Tue Dec 08 18:02:07 IST 2020" PackOutVersion="100" UpdateDictionary="true" Client="0-SYSTEM-System" AD_Client_UU="11237b53-9592-4af1-b3c5-afd216514b5d">
    <AD_Ref_List type="table">
        <AD_Ref_List_ID>200343</AD_Ref_List_ID>
        <AD_Client_ID>0</AD_Client_ID>
        <AD_Org_ID>0</AD_Org_ID>
        <AD_Ref_List_ID>200343</AD_Ref_List_ID>
        <Name>Document Management System</Name>
        <Description/>
        <AD_Reference_ID reference="id">200115</AD_Reference_ID>
        <ValidFrom/>
        <ValidTo/>
        <Value>D</Value>
        <IsActive>Y</IsActive>
        <EntityType>DMS</EntityType>
        <AD_Ref_List_UU>fceb9889-7bd6-4d89-bbdc-d9dc724214ee</AD_Ref_List_UU>
    </AD_Ref_List>
</idempiere>
