<?xml version="1.0" encoding="UTF-8"?><idempiere Name="AD_Menu" Version="1.0.0" idempiereVersion="11.0.0.qualifier" DataBaseVersion="2023-12-24" Description="" Author="SuperUser" AuthorEmail="superuser @ idempiere.com" CreatedDate="Fri Jan 10 15:29:24 IST 2025" UpdatedDate="Fri Jan 10 15:29:24 IST 2025" PackOutVersion="100" UpdateDictionary="false" Client="0-SYSTEM-System" AD_Client_UU="11237b53-9592-4af1-b3c5-afd216514b5d">
    <AD_Menu type="table">
        <Parent_ID reference="uuid" reference-key="AD_Menu">a9ba8031-f7d2-4118-be55-5f4846331e6e</Parent_ID>
        <SeqNo>16</SeqNo>
        <AD_Client_ID>0</AD_Client_ID>
        <AD_Org_ID>0</AD_Org_ID>
        <Name>File Extension Fix</Name>
        <Description/>
        <Action>P</Action>
        <AD_Window_ID reference="id"/>
        <AD_Workflow_ID reference="id"/>
        <AD_Task_ID reference="id"/>
        <IsActive>N</IsActive>
        <IsSummary>N</IsSummary>
        <AD_Process_ID reference="uuid" reference-key="AD_Process">df529254-3f72-41de-be27-d65cae9deb95</AD_Process_ID>
        <IsSOTrx>N</IsSOTrx>
        <AD_Form_ID reference="id"/>
        <IsReadOnly>N</IsReadOnly>
        <EntityType>DMS</EntityType>
        <IsCentrallyMaintained>Y</IsCentrallyMaintained>
        <AD_Menu_UU>fb93b1cc-6d11-4e04-96f5-196fdac58247</AD_Menu_UU>
        <AD_InfoWindow_ID reference="id"/>
        <PredefinedContextVariables/>
        <AD_Menu_Trl type="translation">
            <Description/>
            <Name>File Extension Fix</Name>
            <AD_Language>es_CO</AD_Language>
            <IsActive>Y</IsActive>
            <IsTranslated>N</IsTranslated>
        </AD_Menu_Trl>
        <AD_Process type="table">
            <AD_Client_ID>0</AD_Client_ID>
            <AD_Org_ID>0</AD_Org_ID>
            <IsActive>N</IsActive>
            <Name>File Extension Fix</Name>
            <Description>Those filename has 60 chars length then Rename filename + extension and removed spaces in-between.</Description>
            <Help>This process is designed to sync files without extensions, ensuring the combined filename and extension fit within 60 characters. Recently, the file size limit was increased by 255 characters to accommodate longer filenames.</Help>
            <ProcedureName/>
            <IsReport>N</IsReport>
            <Value>DMSFileSizeFix</Value>
            <IsDirectPrint>N</IsDirectPrint>
            <AD_ReportView_ID reference="id"/>
            <Classname>com.logilite.dms.process.FileSizeFixProcess</Classname>
            <AccessLevel>7</AccessLevel>
            <EntityType>DMS</EntityType>
            <Statistic_Count>33</Statistic_Count>
            <Statistic_Seconds>11209</Statistic_Seconds>
            <AD_PrintFormat_ID reference="id"/>
            <WorkflowValue/>
            <AD_Workflow_ID reference="id"/>
            <IsBetaFunctionality>N</IsBetaFunctionality>
            <ShowHelp>Y</ShowHelp>
            <JasperReport/>
            <AD_Form_ID reference="id"/>
            <CopyFromProcess>N</CopyFromProcess>
            <AD_Process_UU>df529254-3f72-41de-be27-d65cae9deb95</AD_Process_UU>
            <AD_CtxHelp_ID reference="id"/>
            <ExecutionType/>
            <AllowMultipleExecution>P</AllowMultipleExecution>
            <FileNamePattern/>
            <IsPrinterPreview>N</IsPrinterPreview>
            <AD_Process_Trl type="translation">
                <Description/>
                <Help/>
                <Name>File Extension Fix</Name>
                <AD_Language>es_CO</AD_Language>
                <IsActive>Y</IsActive>
                <IsTranslated>N</IsTranslated>
            </AD_Process_Trl>
        </AD_Process>
    </AD_Menu>
</idempiere>
