<?xml version="1.0" encoding="UTF-8"?><idempiere Name="ResetIndexing" Version="1.0.0" idempiereVersion="" DataBaseVersion="" Description="" Author="" AuthorEmail="" CreatedDate="2018-05-07 14:33:17.764" UpdatedDate="2018-05-07 14:33:17.764" PackOutVersion="100" UpdateDictionary="true" Client="0-SYSTEM-System" AD_Client_UU="11237b53-9592-4af1-b3c5-afd216514b5d">
    <AD_Column type="table">
        <IsSyncDatabase>Y</IsSyncDatabase>
        <AD_Table_ID reference="uuid" reference-key="AD_Table">56c770ac-1cfe-441f-9434-0001917352d7</AD_Table_ID>
        <AD_Reference_Value_ID reference="id"/>
        <AD_Client_ID>0</AD_Client_ID>
        <AD_Org_ID>0</AD_Org_ID>
        <Version>0</Version>
        <Name>Indexed</Name>
        <Description>Index the document for the internal search engine</Description>
        <Help>For cross document search, the document can be indexed for faster search (Container, Document Type, Request Type)</Help>
        <AD_Val_Rule_ID reference="id"/>
        <ColumnName>IsIndexed</ColumnName>
        <DefaultValue>N</DefaultValue>
        <FieldLength>1</FieldLength>
        <IsKey>N</IsKey>
        <IsParent>N</IsParent>
        <IsMandatory>N</IsMandatory>
        <IsTranslated>N</IsTranslated>
        <IsIdentifier>N</IsIdentifier>
        <SeqNo>0</SeqNo>
        <IsEncrypted>N</IsEncrypted>
        <AD_Reference_ID reference="id">20</AD_Reference_ID>
        <IsActive>Y</IsActive>
        <VFormat/>
        <Callout/>
        <AD_Element_ID reference="id">2990</AD_Element_ID>
        <IsUpdateable>Y</IsUpdateable>
        <AD_Process_ID reference="id"/>
        <ValueMin/>
        <ValueMax/>
        <IsSelectionColumn>N</IsSelectionColumn>
        <ReadOnlyLogic/>
        <EntityType>U</EntityType>
        <IsAlwaysUpdateable>N</IsAlwaysUpdateable>
        <ColumnSQL/>
        <MandatoryLogic/>
        <IsAutocomplete>N</IsAutocomplete>
        <IsAllowLogging>Y</IsAllowLogging>
        <FormatPattern/>
        <AD_Chart_ID reference="id"/>
        <AD_Column_UU>e60c3965-c177-49b6-a5cb-75ff2b548f9c</AD_Column_UU>
        <IsAllowCopy>Y</IsAllowCopy>
        <SeqNoSelection>0</SeqNoSelection>
        <IsToolbarButton>N</IsToolbarButton>
        <IsSecure>N</IsSecure>
        <FKConstraintName/>
        <FKConstraintType>N</FKConstraintType>
    </AD_Column>
    <AD_Field type="table">
        <AD_Client_ID>0</AD_Client_ID>
        <AD_Org_ID>0</AD_Org_ID>
        <Name>Indexed</Name>
        <Description>Index the document for the internal search engine</Description>
        <Help>For cross document search, the document can be indexed for faster search (Container, Document Type, Request Type)</Help>
        <AD_Tab_ID reference="uuid" reference-key="AD_Tab">5bd4e18a-6b87-44f3-9871-d22d3604141d</AD_Tab_ID>
        <AD_Column_ID reference="uuid" reference-key="AD_Column">e60c3965-c177-49b6-a5cb-75ff2b548f9c</AD_Column_ID>
        <IsDisplayed>Y</IsDisplayed>
        <DisplayLogic/>
        <DisplayLength>0</DisplayLength>
        <SeqNo>180</SeqNo>
        <SortNo>0</SortNo>
        <IsSameLine>N</IsSameLine>
        <IsHeading>N</IsHeading>
        <IsFieldOnly>N</IsFieldOnly>
        <IsEncrypted>N</IsEncrypted>
        <IsActive>Y</IsActive>
        <IsReadOnly>N</IsReadOnly>
        <IsCentrallyMaintained>Y</IsCentrallyMaintained>
        <AD_FieldGroup_ID reference="id"/>
        <EntityType>U</EntityType>
        <ObscureType/>
        <AD_Reference_ID reference="id"/>
        <IsMandatory/>
        <DefaultValue/>
        <AD_Reference_Value_ID reference="id"/>
        <AD_Val_Rule_ID reference="id"/>
        <Included_Tab_ID reference="id"/>
        <AD_Field_UU>c2461fb0-78e4-4aa4-b2cb-47db04638602</AD_Field_UU>
        <IsAllowCopy/>
        <IsDisplayedGrid>Y</IsDisplayedGrid>
        <SeqNoGrid>160</SeqNoGrid>
        <XPosition>6</XPosition>
        <ColumnSpan>1</ColumnSpan>
        <NumLines>1</NumLines>
        <IsQuickEntry>N</IsQuickEntry>
        <IsUpdateable/>
        <IsAlwaysUpdateable/>
        <MandatoryLogic/>
        <ReadOnlyLogic/>
        <IsToolbarButton/>
        <IsDefaultFocus>N</IsDefaultFocus>
        <IsAdvancedField>N</IsAdvancedField>
        <VFormat/>
        <AD_LabelStyle_ID reference="id"/>
        <AD_FieldStyle_ID reference="id"/>
        <IsQuickForm>N</IsQuickForm>
        <AD_Field_Trl type="translation">
            <Help>For cross document search, the document can be indexed for faster search (Container, Document Type, Request Type)</Help>
            <Description>Index the document for the internal search engine</Description>
            <Name>Indexed</Name>
            <AD_Language>es_CO</AD_Language>
            <IsActive>Y</IsActive>
            <IsTranslated>N</IsTranslated>
        </AD_Field_Trl>
    </AD_Field>
    <AD_Menu type="table">
        <SeqNo>999</SeqNo>
        <AD_Client_ID>0</AD_Client_ID>
        <AD_Org_ID>0</AD_Org_ID>
        <Name>Reset Indexing</Name>
        <Description>Re-Indexing of all DMS content</Description>
        <Action>P</Action>
        <AD_Window_ID reference="id"/>
        <AD_Workflow_ID reference="id"/>
        <AD_Task_ID reference="id"/>
        <IsActive>Y</IsActive>
        <IsSummary>N</IsSummary>
        <AD_Process_ID reference="uuid" reference-key="AD_Process">d5d3afa3-80e4-4e81-9b2d-b77b58cebd0d</AD_Process_ID>
        <IsSOTrx>N</IsSOTrx>
        <AD_Form_ID reference="id"/>
        <IsReadOnly>N</IsReadOnly>
        <EntityType>U</EntityType>
        <IsCentrallyMaintained>Y</IsCentrallyMaintained>
        <AD_Menu_UU>80a94b92-ae80-4032-94c4-abe428c6e06c</AD_Menu_UU>
        <AD_InfoWindow_ID reference="id"/>
        <AD_Menu_Trl type="translation">
            <Name>Reset Indexing</Name>
            <Description>Re-Indexing of all DMS content</Description>
            <AD_Language>es_CO</AD_Language>
            <IsActive>Y</IsActive>
            <IsTranslated>N</IsTranslated>
        </AD_Menu_Trl>
        <AD_Process type="table">
            <AD_Client_ID>0</AD_Client_ID>
            <AD_Org_ID>0</AD_Org_ID>
            <IsActive>Y</IsActive>
            <Name>Reset Indexing</Name>
            <Description/>
            <Help/>
            <ProcedureName/>
            <IsReport>N</IsReport>
            <Value>Reset Indexing</Value>
            <IsDirectPrint>N</IsDirectPrint>
            <AD_ReportView_ID reference="id"/>
            <Classname>org.idempiere.dms.process.ResetIndexingProcess</Classname>
            <AccessLevel>3</AccessLevel>
            <EntityType>U</EntityType>
            <Statistic_Count>24</Statistic_Count>
            <Statistic_Seconds>928</Statistic_Seconds>
            <AD_PrintFormat_ID reference="id"/>
            <WorkflowValue/>
            <AD_Workflow_ID reference="id"/>
            <IsBetaFunctionality>N</IsBetaFunctionality>
            <IsServerProcess>N</IsServerProcess>
            <ShowHelp>Y</ShowHelp>
            <JasperReport/>
            <AD_Form_ID reference="id"/>
            <CopyFromProcess>N</CopyFromProcess>
            <AD_Process_UU>d5d3afa3-80e4-4e81-9b2d-b77b58cebd0d</AD_Process_UU>
            <AD_CtxHelp_ID reference="id"/>
            <AD_Process_Trl type="translation">
                <Help/>
                <Description/>
                <Name>Reset Indexing</Name>
                <AD_Language>es_CO</AD_Language>
                <IsActive>Y</IsActive>
                <IsTranslated>N</IsTranslated>
            </AD_Process_Trl>
            <AD_Reference type="table">
                <AD_Client_ID>0</AD_Client_ID>
                <AD_Org_ID>0</AD_Org_ID>
                <Name>True-False-All</Name>
                <Description>Indicate three value yes,no and all.</Description>
                <Help/>
                <ValidationType>L</ValidationType>
                <IsActive>Y</IsActive>
                <VFormat/>
                <EntityType>U</EntityType>
                <IsOrderByValue>N</IsOrderByValue>
                <AD_Reference_UU>4057a9df-7e88-4838-8adb-6db238136cf3</AD_Reference_UU>
                <AD_Reference_Trl type="translation">
                    <Help/>
                    <Name>Yes-No-All</Name>
                    <Description>Indicate three value yes,no and all.</Description>
                    <AD_Language>es_CO</AD_Language>
                    <IsActive>Y</IsActive>
                    <IsTranslated>N</IsTranslated>
                </AD_Reference_Trl>
                <AD_Ref_List type="table">
                    <AD_Client_ID>0</AD_Client_ID>
                    <AD_Org_ID>0</AD_Org_ID>
                    <Name>True</Name>
                    <Description/>
                    <AD_Reference_ID reference="uuid" reference-key="AD_Reference">4057a9df-7e88-4838-8adb-6db238136cf3</AD_Reference_ID>
                    <ValidFrom/>
                    <ValidTo/>
                    <Value>T</Value>
                    <IsActive>Y</IsActive>
                    <EntityType>U</EntityType>
                    <AD_Ref_List_UU>dca2c544-c616-47e8-8c51-5db5ea1960aa</AD_Ref_List_UU>
                    <AD_Ref_List_Trl type="translation">
                        <Description/>
                        <Name>True</Name>
                        <AD_Language>es_CO</AD_Language>
                        <IsActive>Y</IsActive>
                        <IsTranslated>N</IsTranslated>
                    </AD_Ref_List_Trl>
                </AD_Ref_List>
                <AD_Ref_List type="table">
                    <AD_Client_ID>0</AD_Client_ID>
                    <AD_Org_ID>0</AD_Org_ID>
                    <Name>False</Name>
                    <Description/>
                    <AD_Reference_ID reference="uuid" reference-key="AD_Reference">4057a9df-7e88-4838-8adb-6db238136cf3</AD_Reference_ID>
                    <ValidFrom/>
                    <ValidTo/>
                    <Value>F</Value>
                    <IsActive>Y</IsActive>
                    <EntityType>U</EntityType>
                    <AD_Ref_List_UU>0c18615f-e05d-4200-a788-175c07e26790</AD_Ref_List_UU>
                    <AD_Ref_List_Trl type="translation">
                        <Description/>
                        <Name>False</Name>
                        <AD_Language>es_CO</AD_Language>
                        <IsActive>Y</IsActive>
                        <IsTranslated>N</IsTranslated>
                    </AD_Ref_List_Trl>
                </AD_Ref_List>
                <AD_Ref_List type="table">
                    <AD_Client_ID>0</AD_Client_ID>
                    <AD_Org_ID>0</AD_Org_ID>
                    <Name>All</Name>
                    <Description/>
                    <AD_Reference_ID reference="uuid" reference-key="AD_Reference">4057a9df-7e88-4838-8adb-6db238136cf3</AD_Reference_ID>
                    <ValidFrom/>
                    <ValidTo/>
                    <Value>A</Value>
                    <IsActive>Y</IsActive>
                    <EntityType>U</EntityType>
                    <AD_Ref_List_UU>b1e5b568-a41f-4e08-b76f-36edef054ff5</AD_Ref_List_UU>
                    <AD_Ref_List_Trl type="translation">
                        <Description/>
                        <Name>All</Name>
                        <AD_Language>es_CO</AD_Language>
                        <IsActive>Y</IsActive>
                        <IsTranslated>N</IsTranslated>
                    </AD_Ref_List_Trl>
                </AD_Ref_List>
            </AD_Reference>
            <AD_Process_Para type="table">
                <AD_Client_ID>0</AD_Client_ID>
                <AD_Org_ID>0</AD_Org_ID>
                <IsActive>Y</IsActive>
                <Name>Indexed</Name>
                <Description>Index the document for the internal search engine</Description>
                <Help>For cross document search, the document can be indexed for faster search (Container, Document Type, Request Type)</Help>
                <AD_Process_ID reference="uuid" reference-key="AD_Process">d5d3afa3-80e4-4e81-9b2d-b77b58cebd0d</AD_Process_ID>
                <SeqNo>10</SeqNo>
                <AD_Reference_ID reference="id">17</AD_Reference_ID>
                <AD_Reference_Value_ID reference="uuid" reference-key="AD_Reference">4057a9df-7e88-4838-8adb-6db238136cf3</AD_Reference_Value_ID>
                <IsRange>N</IsRange>
                <AD_Val_Rule_ID reference="id"/>
                <FieldLength>0</FieldLength>
                <IsMandatory>Y</IsMandatory>
                <DefaultValue>F</DefaultValue>
                <VFormat/>
                <ValueMin/>
                <ValueMax/>
                <ColumnName>IsIndexed</ColumnName>
                <DefaultValue2/>
                <IsCentrallyMaintained>Y</IsCentrallyMaintained>
                <EntityType>U</EntityType>
                <AD_Element_ID reference="id">2990</AD_Element_ID>
                <ReadOnlyLogic/>
                <DisplayLogic/>
                <AD_Process_Para_UU>92160c78-3427-43f5-86f7-5aaa18cfe1cb</AD_Process_Para_UU>
                <IsEncrypted>N</IsEncrypted>
                <AD_Process_Para_Trl type="translation">
                    <Help>For cross document search, the document can be indexed for faster search (Container, Document Type, Request Type)</Help>
                    <Name>Indexed</Name>
                    <Description>Index the document for the internal search engine</Description>
                    <AD_Language>es_CO</AD_Language>
                    <IsActive>Y</IsActive>
                    <IsTranslated>N</IsTranslated>
                </AD_Process_Para_Trl>
            </AD_Process_Para>
        </AD_Process>
    </AD_Menu>
</idempiere>
