<?xml version="1.0" encoding="UTF-8"?><idempiere Name="AD_Process_Para" Version="1.0.0" idempiereVersion="5.1.0.qualifier" DataBaseVersion="2017-10-31" Description="" Author="SuperUser" AuthorEmail="superuser @ idempiere.com" CreatedDate="Wed Feb 19 13:38:29 IST 2020" UpdatedDate="Wed Feb 19 13:38:29 IST 2020" PackOutVersion="100" UpdateDictionary="true" Client="0-SYSTEM-System" AD_Client_UU="11237b53-9592-4af1-b3c5-afd216514b5d">
    <AD_Process_Para type="table">
        <AD_Client_ID>0</AD_Client_ID>
        <AD_Org_ID>0</AD_Org_ID>
        <IsActive>Y</IsActive>
        <Name>Created</Name>
        <Description>Date this record was created</Description>
        <Help>The Created field indicates the date that this record was created.</Help>
        <AD_Process_ID reference="uuid" reference-key="AD_Process">d5d3afa3-80e4-4e81-9b2d-b77b58cebd0d</AD_Process_ID>
        <SeqNo>20</SeqNo>
        <AD_Reference_ID reference="id">15</AD_Reference_ID>
        <AD_Reference_Value_ID reference="id"/>
        <IsRange>Y</IsRange>
        <AD_Val_Rule_ID reference="id"/>
        <FieldLength>10</FieldLength>
        <IsMandatory>N</IsMandatory>
        <DefaultValue/>
        <VFormat/>
        <ValueMin/>
        <ValueMax/>
        <ColumnName>Created</ColumnName>
        <DefaultValue2/>
        <IsCentrallyMaintained>Y</IsCentrallyMaintained>
        <EntityType>U</EntityType>
        <AD_Element_ID reference="id">245</AD_Element_ID>
        <ReadOnlyLogic/>
        <DisplayLogic/>
        <AD_Process_Para_UU>37c35a72-a233-44d3-ab96-cab16229e6c2</AD_Process_Para_UU>
        <IsEncrypted>N</IsEncrypted>
        <MandatoryLogic/>
        <Placeholder/>
        <Placeholder2/>
        <AD_Process_Para_Trl type="translation">
            <Help>The Created field indicates the date that this record was created.</Help>
            <Name>Created</Name>
            <Description>Date this record was created</Description>
            <Placeholder/>
            <Placeholder2/>
            <AD_Language>es_CO</AD_Language>
            <IsActive>Y</IsActive>
            <IsTranslated>N</IsTranslated>
        </AD_Process_Para_Trl>
    </AD_Process_Para>
</idempiere>
