<?xml version="1.0" encoding="UTF-8"?><idempiere Name="DMS_MIme_Type_Added_images" Version="1.0.0" idempiereVersion="" DataBaseVersion="" Description="" Author="" AuthorEmail="" CreatedDate="2018-10-16 05:09:02.381" UpdatedDate="2018-10-16 05:09:08.366" PackOutVersion="100" UpdateDictionary="false" Client="0-SYSTEM-System" AD_Client_UU="11237b53-9592-4af1-b3c5-afd216514b5d">
    <AD_Image type="table">
        <AD_Client_ID>0</AD_Client_ID>
        <AD_Org_ID>0</AD_Org_ID>
        <IsActive>Y</IsActive>
        <Name>txtfile.png</Name>
        <BinaryData>1.dat|byte[]</BinaryData>
        <ImageURL>txtfile.png</ImageURL>
        <Description/>
        <EntityType>U</EntityType>
        <AD_Image_UU>4d292b66-072a-497b-b95b-ab908f5a86e4</AD_Image_UU>
    </AD_Image>
    <AD_Image type="table">
        <AD_Client_ID>0</AD_Client_ID>
        <AD_Org_ID>0</AD_Org_ID>
        <IsActive>Y</IsActive>
        <Name>titfile.png</Name>
        <BinaryData>2.dat|byte[]</BinaryData>
        <ImageURL>titfile.png</ImageURL>
        <Description/>
        <EntityType>U</EntityType>
        <AD_Image_UU>1137fda3-55d5-47db-9a9d-9cba3de35da9</AD_Image_UU>
    </AD_Image>
    <DMS_MimeType type="table">
        <AD_Client_ID>0</AD_Client_ID>
        <AD_Org_ID>0</AD_Org_ID>
        <IsActive>Y</IsActive>
        <Value>Plain Text</Value>
        <Name>Plain Text</Name>
        <Description/>
        <IsDefault>N</IsDefault>
        <Icon_ID reference="uuid" reference-key="AD_Image">4d292b66-072a-497b-b95b-ab908f5a86e4</Icon_ID>
        <FileExtension>.txt</FileExtension>
        <MimeType>text/plain</MimeType>
        <Icon300_ID reference="id"/>
        <Icon500_ID reference="id"/>
        <DMS_MimeType_UU>48d4c85b-615f-4aea-a8c4-a09d1d8ea482</DMS_MimeType_UU>
    </DMS_MimeType>
    <DMS_MimeType type="table">
        <AD_Client_ID>0</AD_Client_ID>
        <AD_Org_ID>0</AD_Org_ID>
        <IsActive>Y</IsActive>
        <Value>TIF Image</Value>
        <Name>TIF Image</Name>
        <Description/>
        <IsDefault>N</IsDefault>
        <Icon_ID reference="uuid" reference-key="AD_Image">1137fda3-55d5-47db-9a9d-9cba3de35da9</Icon_ID>
        <FileExtension>.tif</FileExtension>
        <MimeType>image/tiff</MimeType>
        <Icon300_ID reference="id"/>
        <Icon500_ID reference="id"/>
        <DMS_MimeType_UU>c2591e6c-1dca-4e8d-a032-968f96a1570c</DMS_MimeType_UU>
    </DMS_MimeType>
</idempiere>
