<?xml version="1.0" encoding="UTF-8"?><idempiere Name="menuTree" Version="1.0.0" idempiereVersion="" DataBaseVersion="" Description="" Author="" AuthorEmail="" CreatedDate="2020-06-06 09:10:59.629" UpdatedDate="2020-06-06 09:15:18.833" PackOutVersion="100" UpdateDictionary="true" Client="0-SYSTEM-System" AD_Client_UU="11237b53-9592-4af1-b3c5-afd216514b5d">
    <AD_Menu type="table">
        <SeqNo>15</SeqNo>
        <AD_Client_ID>0</AD_Client_ID>
        <AD_Org_ID>0</AD_Org_ID>
        <Name>DMS</Name>
        <Description/>
        <Action/>
        <AD_Window_ID reference="id"/>
        <AD_Workflow_ID reference="id"/>
        <AD_Task_ID reference="id"/>
        <IsActive>Y</IsActive>
        <IsSummary>Y</IsSummary>
        <AD_Process_ID reference="id"/>
        <IsSOTrx>N</IsSOTrx>
        <AD_Form_ID reference="id"/>
        <IsReadOnly>N</IsReadOnly>
        <EntityType>U</EntityType>
        <IsCentrallyMaintained>N</IsCentrallyMaintained>
        <AD_Menu_UU>4aa28567-494d-4c22-abc5-b4fd9ed77406</AD_Menu_UU>
        <AD_InfoWindow_ID reference="id"/>
        <AD_Menu_Trl type="translation">
            <Name>DMS</Name>
            <Description/>
            <AD_Language>es_CO</AD_Language>
            <IsActive>Y</IsActive>
            <IsTranslated>N</IsTranslated>
        </AD_Menu_Trl>
        <AD_Menu type="table">
            <Parent_ID reference="uuid" reference-key="AD_Menu">4aa28567-494d-4c22-abc5-b4fd9ed77406</Parent_ID>
            <SeqNo>2</SeqNo>
            <AD_Client_ID>0</AD_Client_ID>
            <AD_Org_ID>0</AD_Org_ID>
            <Name>Document Explorer</Name>
            <Description/>
            <Action>X</Action>
            <AD_Window_ID reference="id"/>
            <AD_Workflow_ID reference="id"/>
            <AD_Task_ID reference="id"/>
            <IsActive>Y</IsActive>
            <IsSummary>N</IsSummary>
            <AD_Process_ID reference="id"/>
            <IsSOTrx>N</IsSOTrx>
            <AD_Form_ID reference="uuid" reference-key="AD_Form">554c1e30-0010-4ff3-ae24-815801c48a21</AD_Form_ID>
            <IsReadOnly>N</IsReadOnly>
            <EntityType>DMS</EntityType>
            <IsCentrallyMaintained>Y</IsCentrallyMaintained>
            <AD_Menu_UU>101fa2f5-ea6e-4a63-9f52-fbea0c451700</AD_Menu_UU>
            <AD_InfoWindow_ID reference="id"/>
        </AD_Menu>
        <AD_Menu type="table">
            <Parent_ID reference="uuid" reference-key="AD_Menu">4aa28567-494d-4c22-abc5-b4fd9ed77406</Parent_ID>
            <SeqNo>0</SeqNo>
            <AD_Client_ID>0</AD_Client_ID>
            <AD_Org_ID>0</AD_Org_ID>
            <Name>DMS Model</Name>
            <Description/>
            <Action/>
            <AD_Window_ID reference="id"/>
            <AD_Workflow_ID reference="id"/>
            <AD_Task_ID reference="id"/>
            <IsActive>Y</IsActive>
            <IsSummary>Y</IsSummary>
            <AD_Process_ID reference="id"/>
            <IsSOTrx>Y</IsSOTrx>
            <AD_Form_ID reference="id"/>
            <IsReadOnly>N</IsReadOnly>
            <EntityType>HBX</EntityType>
            <IsCentrallyMaintained>N</IsCentrallyMaintained>
            <AD_Menu_UU>7a1d1b83-c59d-42c9-a478-f2496cfb5fa0</AD_Menu_UU>
            <AD_InfoWindow_ID reference="id"/>
            <AD_Menu type="table">
                <Parent_ID reference="uuid" reference-key="AD_Menu">7a1d1b83-c59d-42c9-a478-f2496cfb5fa0</Parent_ID>
                <SeqNo>2</SeqNo>
                <AD_Client_ID>0</AD_Client_ID>
                <AD_Org_ID>0</AD_Org_ID>
                <Name>DMS Content Type</Name>
                <Description/>
                <Action>W</Action>
                <AD_Window_ID reference="uuid" reference-key="AD_Window">eedafd82-a193-48ad-b42a-a1da9bbcce4b</AD_Window_ID>
                <AD_Workflow_ID reference="id"/>
                <AD_Task_ID reference="id"/>
                <IsActive>Y</IsActive>
                <IsSummary>N</IsSummary>
                <AD_Process_ID reference="id"/>
                <IsSOTrx>N</IsSOTrx>
                <AD_Form_ID reference="id"/>
                <IsReadOnly>N</IsReadOnly>
                <EntityType>U</EntityType>
                <IsCentrallyMaintained>Y</IsCentrallyMaintained>
                <AD_Menu_UU>29d90ef7-307f-4a17-a350-19388bac4c8f</AD_Menu_UU>
                <AD_InfoWindow_ID reference="id"/>
            </AD_Menu>
            <AD_Menu type="table">
                <Parent_ID reference="uuid" reference-key="AD_Menu">7a1d1b83-c59d-42c9-a478-f2496cfb5fa0</Parent_ID>
                <SeqNo>3</SeqNo>
                <AD_Client_ID>0</AD_Client_ID>
                <AD_Org_ID>0</AD_Org_ID>
                <Name>DMS Status</Name>
                <Description/>
                <Action>W</Action>
                <AD_Window_ID reference="uuid" reference-key="AD_Window">db681674-70e7-4d71-bba5-c12075341022</AD_Window_ID>
                <AD_Workflow_ID reference="id"/>
                <AD_Task_ID reference="id"/>
                <IsActive>Y</IsActive>
                <IsSummary>N</IsSummary>
                <AD_Process_ID reference="id"/>
                <IsSOTrx>N</IsSOTrx>
                <AD_Form_ID reference="id"/>
                <IsReadOnly>N</IsReadOnly>
                <EntityType>U</EntityType>
                <IsCentrallyMaintained>Y</IsCentrallyMaintained>
                <AD_Menu_UU>0e66b1ff-5d48-4fd8-8985-7f4aaa7d86c0</AD_Menu_UU>
                <AD_InfoWindow_ID reference="id"/>
            </AD_Menu>
            <AD_Menu type="table">
                <Parent_ID reference="uuid" reference-key="AD_Menu">7a1d1b83-c59d-42c9-a478-f2496cfb5fa0</Parent_ID>
                <SeqNo>1</SeqNo>
                <AD_Client_ID>0</AD_Client_ID>
                <AD_Org_ID>0</AD_Org_ID>
                <Name>DMS Association Type</Name>
                <Description/>
                <Action>W</Action>
                <AD_Window_ID reference="uuid" reference-key="AD_Window">f1759d8d-1480-4dcb-bd25-f5505fc93624</AD_Window_ID>
                <AD_Workflow_ID reference="id"/>
                <AD_Task_ID reference="id"/>
                <IsActive>Y</IsActive>
                <IsSummary>N</IsSummary>
                <AD_Process_ID reference="id"/>
                <IsSOTrx>N</IsSOTrx>
                <AD_Form_ID reference="id"/>
                <IsReadOnly>N</IsReadOnly>
                <EntityType>DMS</EntityType>
                <IsCentrallyMaintained>Y</IsCentrallyMaintained>
                <AD_Menu_UU>649e0948-a62d-477c-a0ac-6ab46631d1a2</AD_Menu_UU>
                <AD_InfoWindow_ID reference="id"/>
            </AD_Menu>
            <AD_Menu type="table">
                <Parent_ID reference="uuid" reference-key="AD_Menu">7a1d1b83-c59d-42c9-a478-f2496cfb5fa0</Parent_ID>
                <SeqNo>0</SeqNo>
                <AD_Client_ID>0</AD_Client_ID>
                <AD_Org_ID>0</AD_Org_ID>
                <Name>DMS Association</Name>
                <Description/>
                <Action>W</Action>
                <AD_Window_ID reference="uuid" reference-key="AD_Window">55a16565-d87d-4ba8-b1a7-9aaf09df3f7d</AD_Window_ID>
                <AD_Workflow_ID reference="id"/>
                <AD_Task_ID reference="id"/>
                <IsActive>Y</IsActive>
                <IsSummary>N</IsSummary>
                <AD_Process_ID reference="id"/>
                <IsSOTrx>N</IsSOTrx>
                <AD_Form_ID reference="id"/>
                <IsReadOnly>N</IsReadOnly>
                <EntityType>DMS</EntityType>
                <IsCentrallyMaintained>Y</IsCentrallyMaintained>
                <AD_Menu_UU>65f737d6-b880-4692-8aa1-a6a741688ef3</AD_Menu_UU>
                <AD_InfoWindow_ID reference="id"/>
            </AD_Menu>
            <AD_Menu type="table">
                <Parent_ID reference="uuid" reference-key="AD_Menu">7a1d1b83-c59d-42c9-a478-f2496cfb5fa0</Parent_ID>
                <SeqNo>4</SeqNo>
                <AD_Client_ID>0</AD_Client_ID>
                <AD_Org_ID>0</AD_Org_ID>
                <Name>DMS Mime Type</Name>
                <Description/>
                <Action>W</Action>
                <AD_Window_ID reference="uuid" reference-key="AD_Window">ccce3737-ef1b-4d9f-848c-32ce24077c87</AD_Window_ID>
                <AD_Workflow_ID reference="id"/>
                <AD_Task_ID reference="id"/>
                <IsActive>Y</IsActive>
                <IsSummary>N</IsSummary>
                <AD_Process_ID reference="id"/>
                <IsSOTrx>N</IsSOTrx>
                <AD_Form_ID reference="id"/>
                <IsReadOnly>N</IsReadOnly>
                <EntityType>DMS</EntityType>
                <IsCentrallyMaintained>Y</IsCentrallyMaintained>
                <AD_Menu_UU>be0066ad-6583-4aa7-acd8-9d970e713fcc</AD_Menu_UU>
                <AD_InfoWindow_ID reference="id"/>
            </AD_Menu>
        </AD_Menu>
        <AD_Menu type="table">
            <Parent_ID reference="uuid" reference-key="AD_Menu">4aa28567-494d-4c22-abc5-b4fd9ed77406</Parent_ID>
            <SeqNo>1</SeqNo>
            <AD_Client_ID>0</AD_Client_ID>
            <AD_Org_ID>0</AD_Org_ID>
            <Name>DMS Maintenance</Name>
            <Description/>
            <Action/>
            <AD_Window_ID reference="id"/>
            <AD_Workflow_ID reference="id"/>
            <AD_Task_ID reference="id"/>
            <IsActive>Y</IsActive>
            <IsSummary>Y</IsSummary>
            <AD_Process_ID reference="id"/>
            <IsSOTrx>Y</IsSOTrx>
            <AD_Form_ID reference="id"/>
            <IsReadOnly>N</IsReadOnly>
            <EntityType>HBX</EntityType>
            <IsCentrallyMaintained>N</IsCentrallyMaintained>
            <AD_Menu_UU>a9ba8031-f7d2-4118-be55-5f4846331e6e</AD_Menu_UU>
            <AD_InfoWindow_ID reference="id"/>
            <AD_Menu type="table">
                <Parent_ID reference="uuid" reference-key="AD_Menu">a9ba8031-f7d2-4118-be55-5f4846331e6e</Parent_ID>
                <SeqNo>1</SeqNo>
                <AD_Client_ID>0</AD_Client_ID>
                <AD_Org_ID>0</AD_Org_ID>
                <Name>Indexing Configuration</Name>
                <Description/>
                <Action>W</Action>
                <AD_Window_ID reference="uuid" reference-key="AD_Window">50ad4293-1981-43bd-97b0-8c076eda0625</AD_Window_ID>
                <AD_Workflow_ID reference="id"/>
                <AD_Task_ID reference="id"/>
                <IsActive>Y</IsActive>
                <IsSummary>N</IsSummary>
                <AD_Process_ID reference="id"/>
                <IsSOTrx>N</IsSOTrx>
                <AD_Form_ID reference="id"/>
                <IsReadOnly>N</IsReadOnly>
                <EntityType>U</EntityType>
                <IsCentrallyMaintained>Y</IsCentrallyMaintained>
                <AD_Menu_UU>94e56464-addc-40c2-b0db-fb0aa282d726</AD_Menu_UU>
                <AD_InfoWindow_ID reference="id"/>
            </AD_Menu>
            <AD_Menu type="table">
                <Parent_ID reference="uuid" reference-key="AD_Menu">a9ba8031-f7d2-4118-be55-5f4846331e6e</Parent_ID>
                <SeqNo>3</SeqNo>
                <AD_Client_ID>0</AD_Client_ID>
                <AD_Org_ID>0</AD_Org_ID>
                <Name>DMS Content</Name>
                <Description/>
                <Action>W</Action>
                <AD_Window_ID reference="uuid" reference-key="AD_Window">845fbdde-7efb-4f14-965c-b84d894f2955</AD_Window_ID>
                <AD_Workflow_ID reference="id"/>
                <AD_Task_ID reference="id"/>
                <IsActive>Y</IsActive>
                <IsSummary>N</IsSummary>
                <AD_Process_ID reference="id"/>
                <IsSOTrx>N</IsSOTrx>
                <AD_Form_ID reference="id"/>
                <IsReadOnly>N</IsReadOnly>
                <EntityType>U</EntityType>
                <IsCentrallyMaintained>Y</IsCentrallyMaintained>
                <AD_Menu_UU>657271ba-07c9-41b3-ab53-3a4d985ba67c</AD_Menu_UU>
                <AD_InfoWindow_ID reference="id"/>
            </AD_Menu>
            <AD_Menu type="table">
                <Parent_ID reference="uuid" reference-key="AD_Menu">a9ba8031-f7d2-4118-be55-5f4846331e6e</Parent_ID>
                <SeqNo>2</SeqNo>
                <AD_Client_ID>0</AD_Client_ID>
                <AD_Org_ID>0</AD_Org_ID>
                <Name>Migrate Attachment to DMS</Name>
                <Description/>
                <Action>P</Action>
                <AD_Window_ID reference="id"/>
                <AD_Workflow_ID reference="id"/>
                <AD_Task_ID reference="id"/>
                <IsActive>Y</IsActive>
                <IsSummary>N</IsSummary>
                <AD_Process_ID reference="uuid" reference-key="AD_Process">25d1e358-8c04-484e-bf47-f8a5f0ef43d1</AD_Process_ID>
                <IsSOTrx>N</IsSOTrx>
                <AD_Form_ID reference="id"/>
                <IsReadOnly>N</IsReadOnly>
                <EntityType>U</EntityType>
                <IsCentrallyMaintained>Y</IsCentrallyMaintained>
                <AD_Menu_UU>aa2087dd-6560-45d6-95b2-23206f846ca8</AD_Menu_UU>
                <AD_InfoWindow_ID reference="id"/>
            </AD_Menu>
            <AD_Menu type="table">
                <Parent_ID reference="uuid" reference-key="AD_Menu">a9ba8031-f7d2-4118-be55-5f4846331e6e</Parent_ID>
                <SeqNo>0</SeqNo>
                <AD_Client_ID>0</AD_Client_ID>
                <AD_Org_ID>0</AD_Org_ID>
                <Name>Reset Indexing</Name>
                <Description>Re-Indexing of all DMS content</Description>
                <Action>P</Action>
                <AD_Window_ID reference="id"/>
                <AD_Workflow_ID reference="id"/>
                <AD_Task_ID reference="id"/>
                <IsActive>Y</IsActive>
                <IsSummary>N</IsSummary>
                <AD_Process_ID reference="uuid" reference-key="AD_Process">d5d3afa3-80e4-4e81-9b2d-b77b58cebd0d</AD_Process_ID>
                <IsSOTrx>N</IsSOTrx>
                <AD_Form_ID reference="id"/>
                <IsReadOnly>N</IsReadOnly>
                <EntityType>U</EntityType>
                <IsCentrallyMaintained>Y</IsCentrallyMaintained>
                <AD_Menu_UU>80a94b92-ae80-4032-94c4-abe428c6e06c</AD_Menu_UU>
                <AD_InfoWindow_ID reference="id"/>
            </AD_Menu>
        </AD_Menu>
    </AD_Menu>
</idempiere>
