<?xml version="1.0" encoding="UTF-8"?><idempiere Name="Added_DMS_Attribute" Version="1.0.2" idempiereVersion="" DataBaseVersion="" Description="" Author="" AuthorEmail="" CreatedDate="2018-12-07 12:46:45.128" UpdatedDate="2018-12-07 12:47:58.799" PackOutVersion="100" UpdateDictionary="false" Client="0-SYSTEM-System" AD_Client_UU="11237b53-9592-4af1-b3c5-afd216514b5d">
    <M_Attribute type="table">
        <AD_Client_ID>0</AD_Client_ID>
        <AD_Org_ID>0</AD_Org_ID>
        <IsInstanceAttribute>N</IsInstanceAttribute>
        <Name>C_DocType_ID</Name>
        <IsActive>Y</IsActive>
        <Description>doctype</Description>
        <IsMandatory>N</IsMandatory>
        <M_AttributeSearch_ID reference="id"/>
        <AttributeValueType>R</AttributeValueType>
        <M_Attribute_UU>3c4ebe28-b5b0-48d7-80d5-ff4898e267b9</M_Attribute_UU>
        <AD_Reference_ID reference="id">18</AD_Reference_ID>
        <AD_Reference_Value_ID reference="id">170</AD_Reference_Value_ID>
    </M_Attribute>
    <M_Attribute type="table">
        <AD_Client_ID>0</AD_Client_ID>
        <AD_Org_ID>0</AD_Org_ID>
        <IsInstanceAttribute>N</IsInstanceAttribute>
        <Name>DocStatus</Name>
        <IsActive>Y</IsActive>
        <Description>DocStatus</Description>
        <IsMandatory>N</IsMandatory>
        <M_AttributeSearch_ID reference="id"/>
        <AttributeValueType>R</AttributeValueType>
        <M_Attribute_UU>146ae53b-7609-4677-9953-fe3a6f84ccb9</M_Attribute_UU>
        <AD_Reference_ID reference="id">17</AD_Reference_ID>
        <AD_Reference_Value_ID reference="id"/>
    </M_Attribute>
    <M_Attribute type="table">
        <AD_Client_ID>0</AD_Client_ID>
        <AD_Org_ID>0</AD_Org_ID>
        <IsInstanceAttribute>N</IsInstanceAttribute>
        <Name>C_BPartner_ID</Name>
        <IsActive>Y</IsActive>
        <Description/>
        <IsMandatory>N</IsMandatory>
        <M_AttributeSearch_ID reference="id"/>
        <AttributeValueType>R</AttributeValueType>
        <M_Attribute_UU>4c589c86-eb68-4500-9ef9-f992e8dc84d8</M_Attribute_UU>
        <AD_Reference_ID reference="id">18</AD_Reference_ID>
        <AD_Reference_Value_ID reference="id">138</AD_Reference_Value_ID>
    </M_Attribute>
	<M_AttributeSet type="table">
        <AD_Client_ID>0</AD_Client_ID>
        <AD_Org_ID>0</AD_Org_ID>
        <M_SerNoCtl_ID reference="id"/>
        <IsActive>Y</IsActive>
        <IsGuaranteeDate>N</IsGuaranteeDate>
        <IsSerNo>N</IsSerNo>
        <Name>Archive Document</Name>
        <M_LotCtl_ID reference="id"/>
        <Description/>
        <IsLot>N</IsLot>
        <GuaranteeDays>0</GuaranteeDays>
        <IsInstanceAttribute>N</IsInstanceAttribute>
        <IsLotMandatory>N</IsLotMandatory>
        <IsSerNoMandatory>N</IsSerNoMandatory>
        <IsGuaranteeDateMandatory>N</IsGuaranteeDateMandatory>
        <MandatoryType>N</MandatoryType>
        <SerNoCharSOverwrite/>
        <SerNoCharEOverwrite/>
        <LotCharSOverwrite/>
        <LotCharEOverwrite/>
        <M_AttributeSet_UU>c2c43b9f-6f86-4277-8583-2e6391605d5a</M_AttributeSet_UU>
        <UseGuaranteeDateForMPolicy>N</UseGuaranteeDateForMPolicy>
        <M_AttributeSet_Type>D</M_AttributeSet_Type>
        <IsAutoGenerateLot>N</IsAutoGenerateLot>
        <M_AttributeUse type="table">
            <AD_Client_ID>0</AD_Client_ID>
            <AD_Org_ID>0</AD_Org_ID>
            <IsActive>Y</IsActive>
            <M_Attribute_ID reference="uuid" reference-key="M_Attribute">3c4ebe28-b5b0-48d7-80d5-ff4898e267b9</M_Attribute_ID>
            <M_AttributeSet_ID reference="uuid" reference-key="M_AttributeSet">c2c43b9f-6f86-4277-8583-2e6391605d5a</M_AttributeSet_ID>
            <SeqNo>10</SeqNo>
            <M_AttributeUse_UU>1c95962c-ca38-4d01-9d7b-d42e68f20c9b</M_AttributeUse_UU>
        </M_AttributeUse>
        <M_AttributeUse type="table">
            <AD_Client_ID>0</AD_Client_ID>
            <AD_Org_ID>0</AD_Org_ID>
            <IsActive>Y</IsActive>
            <M_Attribute_ID reference="uuid" reference-key="M_Attribute">146ae53b-7609-4677-9953-fe3a6f84ccb9</M_Attribute_ID>
            <M_AttributeSet_ID reference="uuid" reference-key="M_AttributeSet">c2c43b9f-6f86-4277-8583-2e6391605d5a</M_AttributeSet_ID>
            <SeqNo>20</SeqNo>
            <M_AttributeUse_UU>3715b059-3d02-416f-b75d-1a2e12d85712</M_AttributeUse_UU>
        </M_AttributeUse>
        <M_AttributeUse type="table">
            <AD_Client_ID>0</AD_Client_ID>
            <AD_Org_ID>0</AD_Org_ID>
            <IsActive>Y</IsActive>
            <M_Attribute_ID reference="uuid" reference-key="M_Attribute">4c589c86-eb68-4500-9ef9-f992e8dc84d8</M_Attribute_ID>
            <M_AttributeSet_ID reference="uuid" reference-key="M_AttributeSet">c2c43b9f-6f86-4277-8583-2e6391605d5a</M_AttributeSet_ID>
            <SeqNo>30</SeqNo>
            <M_AttributeUse_UU>260cd928-52da-4812-b60a-b835a3ab85a1</M_AttributeUse_UU>
        </M_AttributeUse>
    </M_AttributeSet>
	<DMS_ContentType type="table">
        <AD_Client_ID>0</AD_Client_ID>
        <AD_Org_ID>0</AD_Org_ID>
        <IsActive>Y</IsActive>
        <Value>ArchiveDocument</Value>
        <Name>Archive Document</Name>
        <Description/>
        <IsDefault>N</IsDefault>
        <M_AttributeSet_ID reference="uuid" reference-key="M_AttributeSet">c2c43b9f-6f86-4277-8583-2e6391605d5a</M_AttributeSet_ID>
        <Icon_ID reference="id"/>
        <DMS_ContentType_UU>b381cd95-7ee5-4b11-af50-8a62f7d7a690</DMS_ContentType_UU>
    </DMS_ContentType>
</idempiere>
