<?xml version="1.0" encoding="UTF-8"?><idempiere Name="DownloadSQL_RealtionalToUUIDStructure" Version="1.0.0" idempiereVersion="" DataBaseVersion="" Description="" Author="" AuthorEmail="" CreatedDate="2023-07-28 15:39:27.363" UpdatedDate="2023-07-28 15:39:27.363" PackOutVersion="100" UpdateDictionary="true" Client="0-SYSTEM-System" AD_Client_UU="11237b53-9592-4af1-b3c5-afd216514b5d">
    <AD_Process_Para type="table">
        <AD_Client_ID>0</AD_Client_ID>
        <AD_Org_ID>0</AD_Org_ID>
        <IsActive>Y</IsActive>
        <Name>Update the ParentURL in Content based on UUID structure</Name>
        <Description>Modify in Content-ParentURL field value as per UUID based structure once physical storage data modified with UU. </Description>
        <Help/>
        <AD_Process_ID reference="uuid" reference-key="AD_Process">d03a1f45-5354-4d9a-87f7-8f64b9c80a90</AD_Process_ID>
        <SeqNo>60</SeqNo>
        <AD_Reference_ID reference="id">20</AD_Reference_ID>
        <AD_Reference_Value_ID reference="id"/>
        <IsRange>N</IsRange>
        <AD_Val_Rule_ID reference="id"/>
        <FieldLength>1</FieldLength>
        <IsMandatory>Y</IsMandatory>
        <DefaultValue>N</DefaultValue>
        <VFormat/>
        <ValueMin/>
        <ValueMax/>
        <ColumnName>IsModifyContentParentURL</ColumnName>
        <DefaultValue2/>
        <IsCentrallyMaintained>N</IsCentrallyMaintained>
        <EntityType>DMS</EntityType>
        <AD_Element_ID reference="id"/>
        <ReadOnlyLogic>@ExportCmdFileForChangeToUUID@ = 'Y'</ReadOnlyLogic>
        <DisplayLogic/>
        <AD_Process_Para_UU>e4632791-2abd-462b-afe3-3e5f54698921</AD_Process_Para_UU>
        <IsEncrypted>N</IsEncrypted>
        <MandatoryLogic/>
        <Placeholder/>
        <Placeholder2/>
        <AD_Process_Para_Trl type="translation">
            <Description>Modify in Content-ParentURL field value as per UUID based structure once physical storage data modified with UU.</Description>
            <Help/>
            <Name>Update the ParentURL in Content based on UUID structure</Name>
            <Placeholder/>
            <Placeholder2/>
            <AD_Language>es_CO</AD_Language>
            <IsActive>Y</IsActive>
            <IsTranslated>N</IsTranslated>
        </AD_Process_Para_Trl>
    </AD_Process_Para>
    <AD_Process_Para type="table">
        <AD_Client_ID>0</AD_Client_ID>
        <AD_Org_ID>0</AD_Org_ID>
        <IsActive>Y</IsActive>
        <Name>Step 3</Name>
        <Description/>
        <Help/>
        <AD_Process_ID reference="uuid" reference-key="AD_Process">d03a1f45-5354-4d9a-87f7-8f64b9c80a90</AD_Process_ID>
        <SeqNo>70</SeqNo>
        <AD_Reference_ID reference="id">14</AD_Reference_ID>
        <AD_Reference_Value_ID reference="id"/>
        <IsRange>N</IsRange>
        <AD_Val_Rule_ID reference="id"/>
        <FieldLength>100</FieldLength>
        <IsMandatory>N</IsMandatory>
        <DefaultValue>Config Content Manager Type and Archive Method then do Cache reset</DefaultValue>
        <VFormat/>
        <ValueMin/>
        <ValueMax/>
        <ColumnName>Step3</ColumnName>
        <DefaultValue2/>
        <IsCentrallyMaintained>N</IsCentrallyMaintained>
        <EntityType>DMS</EntityType>
        <AD_Element_ID reference="id"/>
        <ReadOnlyLogic>1=1</ReadOnlyLogic>
        <DisplayLogic/>
        <AD_Process_Para_UU>13765a3d-acc3-46ca-aa46-c89716268f4e</AD_Process_Para_UU>
        <IsEncrypted>N</IsEncrypted>
        <MandatoryLogic/>
        <Placeholder/>
        <Placeholder2/>
        <AD_Process_Para_Trl type="translation">
            <Description/>
            <Help/>
            <Name>Step 3</Name>
            <Placeholder/>
            <Placeholder2/>
            <AD_Language>es_CO</AD_Language>
            <IsActive>Y</IsActive>
            <IsTranslated>N</IsTranslated>
        </AD_Process_Para_Trl>
    </AD_Process_Para>
    <AD_Process_Para type="table">
        <AD_Client_ID>0</AD_Client_ID>
        <AD_Org_ID>0</AD_Org_ID>
        <IsActive>Y</IsActive>
        <Name>Client Info configure Content Type as Relational UUID</Name>
        <Description>In Client_Info &gt; DMS Content Manager Type set as Relational UUID and do cache reset once this is done.</Description>
        <Help>In Client_Info &gt; DMS Content Manager Type set as Relational UUID and do cache reset once this is done.</Help>
        <AD_Process_ID reference="uuid" reference-key="AD_Process">d03a1f45-5354-4d9a-87f7-8f64b9c80a90</AD_Process_ID>
        <SeqNo>80</SeqNo>
        <AD_Reference_ID reference="id">20</AD_Reference_ID>
        <AD_Reference_Value_ID reference="id"/>
        <IsRange>N</IsRange>
        <AD_Val_Rule_ID reference="id"/>
        <FieldLength>1</FieldLength>
        <IsMandatory>Y</IsMandatory>
        <DefaultValue>N</DefaultValue>
        <VFormat/>
        <ValueMin/>
        <ValueMax/>
        <ColumnName>ClientInfoSetContentTypeToUUID</ColumnName>
        <DefaultValue2/>
        <IsCentrallyMaintained>N</IsCentrallyMaintained>
        <EntityType>DMS</EntityType>
        <AD_Element_ID reference="id"/>
        <ReadOnlyLogic>@ExportCmdFileForChangeToUUID@ = 'Y'</ReadOnlyLogic>
        <DisplayLogic/>
        <AD_Process_Para_UU>d37fe124-d91b-47d8-a9bb-02f52bd2484e</AD_Process_Para_UU>
        <IsEncrypted>N</IsEncrypted>
        <MandatoryLogic/>
        <Placeholder/>
        <Placeholder2/>
        <AD_Process_Para_Trl type="translation">
            <Description/>
            <Help/>
            <Name>Client Info configure Content Type as Relational UUID</Name>
            <Placeholder/>
            <Placeholder2/>
            <AD_Language>es_CO</AD_Language>
            <IsActive>Y</IsActive>
            <IsTranslated>N</IsTranslated>
        </AD_Process_Para_Trl>
    </AD_Process_Para>
    <AD_Process_Para type="table">
        <AD_Client_ID>0</AD_Client_ID>
        <AD_Org_ID>0</AD_Org_ID>
        <IsActive>Y</IsActive>
        <Name>Configure Archive Storage Method to DMSUU</Name>
        <Description>In Storage Provider &gt; Archive Store set  Method as DMSUU then do cache reset once this is done.</Description>
        <Help>In Storage Provider &gt; Archive Store set  Method as DMSUU then do cache reset once this is done.</Help>
        <AD_Process_ID reference="uuid" reference-key="AD_Process">d03a1f45-5354-4d9a-87f7-8f64b9c80a90</AD_Process_ID>
        <SeqNo>90</SeqNo>
        <AD_Reference_ID reference="id">20</AD_Reference_ID>
        <AD_Reference_Value_ID reference="id"/>
        <IsRange>N</IsRange>
        <AD_Val_Rule_ID reference="id"/>
        <FieldLength>1</FieldLength>
        <IsMandatory>Y</IsMandatory>
        <DefaultValue>N</DefaultValue>
        <VFormat/>
        <ValueMin/>
        <ValueMax/>
        <ColumnName>ArchiveStoreSetMethodToDMSUU</ColumnName>
        <DefaultValue2/>
        <IsCentrallyMaintained>N</IsCentrallyMaintained>
        <EntityType>DMS</EntityType>
        <AD_Element_ID reference="id"/>
        <ReadOnlyLogic>@ExportCmdFileForChangeToUUID@ = 'Y' </ReadOnlyLogic>
        <DisplayLogic>@SQL= SELECT Method from AD_ClientInfo c INNER JOIN AD_StorageProvider sp ON   (sp.AD_StorageProvider_ID=c.StorageArchive_ID AND sp.Method='DMS') </DisplayLogic>
        <AD_Process_Para_UU>343d4508-8acb-4dab-989b-1a42968f291d</AD_Process_Para_UU>
        <IsEncrypted>N</IsEncrypted>
        <MandatoryLogic/>
        <Placeholder/>
        <Placeholder2/>
        <AD_Process_Para_Trl type="translation">
            <Description>In Storage Provider &gt; Archive Store set  Method as DMSUU then do cache reset once this is done.</Description>
            <Help>In Storage Provider &gt; Archive Store set  Method as DMSUU then do cache reset once this is done.</Help>
            <Name>Storage Provider configure Archive store's method as DMSUU</Name>
            <Placeholder/>
            <Placeholder2/>
            <AD_Language>es_CO</AD_Language>
            <IsActive>Y</IsActive>
            <IsTranslated>N</IsTranslated>
        </AD_Process_Para_Trl>
    </AD_Process_Para>
    <AD_Process_Para type="table">
        <AD_Client_ID>0</AD_Client_ID>
        <AD_Org_ID>0</AD_Org_ID>
        <IsActive>Y</IsActive>
        <Name>Download SQL for updating content ParentURL based on UUID?</Name>
        <Description>Download SQL for updating content ParentURL based on UUID?</Description>
        <Help>User can download SQL for updating content ParentURL based on UUID</Help>
        <AD_Process_ID reference="uuid" reference-key="AD_Process">d03a1f45-5354-4d9a-87f7-8f64b9c80a90</AD_Process_ID>
        <SeqNo>61</SeqNo>
        <AD_Reference_ID reference="id">20</AD_Reference_ID>
        <AD_Reference_Value_ID reference="id"/>
        <IsRange>N</IsRange>
        <AD_Val_Rule_ID reference="id"/>
        <FieldLength>1</FieldLength>
        <IsMandatory>Y</IsMandatory>
        <DefaultValue>N</DefaultValue>
        <VFormat/>
        <ValueMin/>
        <ValueMax/>
        <ColumnName>IsDownloadSQL</ColumnName>
        <DefaultValue2/>
        <IsCentrallyMaintained>N</IsCentrallyMaintained>
        <EntityType>U</EntityType>
        <AD_Element_ID reference="id"/>
        <ReadOnlyLogic>@ExportCmdFileForChangeToUUID@ = 'Y'</ReadOnlyLogic>
        <DisplayLogic/>
        <AD_Process_Para_UU>e3febeae-2bca-425e-b8e4-9592db61dd14</AD_Process_Para_UU>
        <IsEncrypted>N</IsEncrypted>
        <MandatoryLogic/>
        <Placeholder/>
        <Placeholder2/>
        <AD_Process_Para_Trl type="translation">
            <Description>Download SQl Statment </Description>
            <Help/>
            <Name>Download SQl Statment </Name>
            <Placeholder/>
            <Placeholder2/>
            <AD_Language>es_CO</AD_Language>
            <IsActive>Y</IsActive>
            <IsTranslated>N</IsTranslated>
        </AD_Process_Para_Trl>
    </AD_Process_Para>
</idempiere>
