<?xml version="1.0" encoding="UTF-8"?><idempiere Name="Document Explorer" Version="1.0.0" idempiereVersion="" DataBaseVersion="" Description="" Author="" AuthorEmail="" CreatedDate="2016-02-09 15:46:20.501" UpdatedDate="2016-02-09 15:46:20.501" PackOutVersion="100" UpdateDictionary="true" Client="0-SYSTEM-System" AD_Client_UU="11237b53-9592-4af1-b3c5-afd216514b5d">
    <AD_Menu type="table">
        <SeqNo>999</SeqNo>
        <AD_Client_ID>0</AD_Client_ID>
        <AD_Org_ID>0</AD_Org_ID>
        <Name>Document Explorer</Name>
        <Description/>
        <Action>X</Action>
        <AD_Window_ID reference="id"/>
        <AD_Workflow_ID reference="id"/>
        <AD_Task_ID reference="id"/>
        <IsActive>Y</IsActive>
        <IsSummary>N</IsSummary>
        <AD_Process_ID reference="id"/>
        <IsSOTrx>N</IsSOTrx>
        <AD_Form_ID reference="uuid" reference-key="AD_Form">554c1e30-0010-4ff3-ae24-815801c48a21</AD_Form_ID>
        <IsReadOnly>N</IsReadOnly>
        <EntityType>DMS</EntityType>
        <IsCentrallyMaintained>Y</IsCentrallyMaintained>
        <AD_Menu_UU>101fa2f5-ea6e-4a63-9f52-fbea0c451700</AD_Menu_UU>
        <AD_InfoWindow_ID reference="id"/>
        <AD_Menu_Trl type="translation">
            <Name>Document Viewer</Name>
            <Description/>
            <AD_Language>es_CO</AD_Language>
            <IsActive>Y</IsActive>
            <IsTranslated>N</IsTranslated>
        </AD_Menu_Trl>
        <AD_Form type="table">
            <AD_Client_ID>0</AD_Client_ID>
            <AD_Org_ID>0</AD_Org_ID>
            <IsActive>Y</IsActive>
            <Name>Document Explorer</Name>
            <Description/>
            <Help/>
            <Classname>org.idempiere.webui.apps.form.WDocumentExplorer</Classname>
            <AccessLevel>3</AccessLevel>
            <EntityType>DMS</EntityType>
            <IsBetaFunctionality>N</IsBetaFunctionality>
            <JSPURL/>
            <AD_Form_UU>554c1e30-0010-4ff3-ae24-815801c48a21</AD_Form_UU>
            <AD_CtxHelp_ID reference="id"/>
            <AD_Form_Trl type="translation">
                <Help/>
                <Description/>
                <Name>Document Viewer</Name>
                <AD_Language>es_CO</AD_Language>
                <IsActive>Y</IsActive>
                <IsTranslated>N</IsTranslated>
            </AD_Form_Trl>
        </AD_Form>
    </AD_Menu>
     <AD_SysConfig type="table">
        <AD_Client_ID>0</AD_Client_ID>
        <AD_Org_ID>0</AD_Org_ID>
        <IsActive>Y</IsActive>
        <Name>STORAGE_PROVIDER_FILE_SEPARATOR</Name>
        <Value>/</Value>
        <Description/>
        <EntityType>DMS</EntityType>
        <ConfigurationLevel>S</ConfigurationLevel>
        <AD_SysConfig_UU>2deea2fa-5087-440d-a833-b2812b03c5c6</AD_SysConfig_UU>
    </AD_SysConfig>
</idempiere>
